customer_id,customer_name,segment,region,first_order_date,last_order_date,total_orders,total_revenue,total_profit,total_quantity,avg_order_value,is_repeat_customer
AA-10315,Alex Avila,Consumer,Central,2014-03-31,2017-06-29,5,5563.56,-362.8825,30,1112.712,True
AA-10375,Allen Armold,Consumer,West,2014-04-21,2017-12-11,9,1056.39,277.3824,41,117.37666666666668,True
AA-10480,Andrew Allen,Consumer,South,2014-05-04,2017-04-15,4,1790.5120000000002,435.8274,36,447.62800000000004,True
AA-10645,Anna Andreadi,Consumer,East,2014-06-22,2017-11-05,6,5086.9349999999995,857.8033,64,847.8224999999999,True
AB-10015,Aaron Bergman,Consumer,West,2014-02-18,2016-11-10,3,886.156,129.3465,13,295.38533333333334,True
AB-10060,Adam Bellavance,Home Office,East,2015-09-18,2017-11-06,8,7755.62,2054.5885,56,969.4525,True
AB-10105,Adrian Barton,Consumer,West,2014-12-20,2017-11-19,10,14473.570999999998,5444.8055,73,1447.3570999999997,True
AB-10150,Aimee Bixby,Consumer,East,2014-03-05,2017-11-19,5,966.71,313.6597,37,193.342,True
AB-10165,Alan Barnes,Consumer,West,2014-11-16,2017-12-05,8,1113.838,220.813,48,139.22975,True
AB-10255,Alejandro Ballentine,Home Office,East,2014-07-22,2017-07-17,9,914.5319999999999,264.5675,39,101.61466666666666,True
AB-10600,Ann Blume,Corporate,West,2014-11-18,2017-11-10,4,1515.862,-274.9604,38,378.9655,True
AC-10420,Alyssa Crouse,Corporate,West,2014-07-12,2017-05-12,3,925.8,-62.1342,17,308.59999999999997,True
AC-10450,Amy Cox,Consumer,Central,2014-10-31,2017-12-19,7,5527.846,1366.0098,43,789.6922857142856,True
AC-10615,Ann Chong,Corporate,East,2015-09-15,2017-12-24,5,2537.6859999999997,298.8273,59,507.5371999999999,True
AC-10660,Anna Chung,Consumer,Central,2014-10-15,2017-03-23,5,657.316,-28.700399999999995,16,131.4632,True
AD-10180,Alan Dominguez,Home Office,Central,2014-11-19,2017-12-01,8,6106.88,1869.9294,40,763.36,True
AF-10870,Art Ferguson,Consumer,Central,2015-12-06,2017-11-19,7,2052.908,317.9712,51,293.27257142857144,True
AF-10885,Art Foster,Consumer,South,2014-05-10,2016-11-10,4,861.565,-163.1175,37,215.39125,True
AG-10270,Alejandro Grove,Consumer,West,2014-05-13,2017-03-27,5,2582.898,732.7399,58,516.5796,True
AG-10300,Aleksandra Gannaway,Corporate,West,2014-04-26,2017-09-03,4,367.548,59.288399999999996,16,91.887,True
AG-10330,Alex Grayson,Consumer,West,2016-08-03,2017-12-22,5,660.972,-5.137100000000006,47,132.1944,True
AG-10390,Allen Goldenen,Consumer,East,2014-04-19,2017-09-07,5,200.945,69.2784,33,40.189,True
AG-10495,Andrew Gjertsen,Corporate,East,2015-01-04,2017-10-13,8,2356.855,295.6668,93,294.606875,True
AG-10525,Andy Gerbode,Corporate,South,2014-08-09,2015-09-07,4,1455.038,-152.7613,33,363.7595,True
AG-10675,Anna Gayman,Consumer,Central,2015-05-07,2017-09-24,7,3489.0396000000005,-246.42570000000003,54,498.43422857142866,True
AG-10765,Anthony Garverick,Home Office,East,2014-09-17,2017-10-14,4,170.584,-8.431000000000001,20,42.646,True
AG-10900,Arthur Gainer,Consumer,West,2014-07-23,2017-09-25,10,4510.797,343.6824,92,451.07969999999995,True
AH-10030,Aaron Hawkins,Corporate,East,2014-04-22,2017-12-18,7,1744.7,365.2152,54,249.24285714285716,True
AH-10075,Adam Hart,Corporate,East,2014-11-16,2017-11-26,10,3250.337,281.189,75,325.0337,True
AH-10120,Adrian Hane,Home Office,West,2014-07-18,2017-10-31,7,1735.5140000000001,-2.3145999999999773,65,247.93057142857145,True
AH-10195,Alan Haines,Corporate,South,2015-03-05,2017-11-05,4,1587.452,-378.5509,28,396.863,True
AH-10210,Alan Hwang,Consumer,West,2014-11-29,2017-12-24,9,4805.344,1308.5546,53,533.9271111111111,True
AH-10465,Amy Hunt,Consumer,East,2015-01-03,2017-05-14,5,2495.3916,-196.12009999999998,35,499.07831999999996,True
AH-10585,Angele Hood,Consumer,Central,2014-10-26,2017-12-09,4,738.504,83.96300000000001,17,184.626,True
AH-10690,Anna Häberlin,Corporate,East,2014-04-02,2016-11-15,12,7888.294,1298.0166,102,657.3578333333334,True
AI-10855,Arianne Irving,Consumer,East,2014-04-28,2017-12-17,10,4375.786,867.7271000000001,72,437.5786,True
AJ-10780,Anthony Jacobs,Corporate,South,2014-01-10,2017-10-16,7,4867.344,150.71300000000005,62,695.3348571428571,True
AJ-10795,Anthony Johnson,Corporate,South,2014-05-14,2017-07-17,7,4501.391,1158.7064,88,643.0558571428571,True
AJ-10945,Ashley Jarboe,Consumer,South,2014-03-03,2017-10-06,7,1839.24,521.1351999999999,40,262.74857142857144,True
AJ-10960,Astrea Jones,Consumer,East,2014-09-14,2017-10-17,3,629.2479999999999,60.4265,22,209.7493333333333,True
AM-10360,Alice McCarthy,Corporate,Central,2014-10-06,2017-12-02,5,814.012,194.9878,48,162.80239999999998,True
AM-10705,Anne McFarland,Consumer,South,2014-10-31,2017-07-21,8,5664.022,1085.7326,81,708.00275,True
AO-10810,Anthony O'Donnell,Corporate,West,2016-08-16,2016-08-16,1,161.28,12.096,2,161.28,False
AP-10720,Anne Pryor,Home Office,East,2014-03-03,2017-11-19,8,1638.554,285.7888,85,204.81925,True
AP-10915,Arthur Prichep,Consumer,South,2014-08-23,2017-09-23,10,3323.556,579.3113,102,332.3556,True
AR-10345,Alex Russell,Corporate,East,2014-12-30,2017-09-10,4,1055.694,-221.0544,18,263.9235,True
AR-10405,Allen Rosenblatt,Corporate,East,2014-10-03,2017-08-27,5,2236.128,-98.7646,29,447.22560000000004,True
AR-10510,Andrew Roberts,Consumer,East,2014-05-02,2017-12-16,5,264.86400000000003,43.6695,33,52.97280000000001,True
AR-10540,Andy Reiter,Consumer,East,2014-11-25,2017-12-24,6,6608.448,2884.6208,33,1101.4080000000001,True
AR-10570,Anemone Ratner,Consumer,South,2016-07-14,2016-07-14,1,88.15,32.633,6,88.15,False
AR-10825,Anthony Rawles,Corporate,West,2014-06-30,2017-11-02,8,4523.336,494.83519999999993,54,565.417,True
AS-10045,Aaron Smayling,Corporate,South,2014-07-27,2017-10-03,7,3050.692,-253.57459999999998,48,435.81314285714285,True
AS-10090,Adam Shillingsburg,Consumer,South,2014-09-22,2017-12-02,9,3255.31,64.53739999999998,81,361.7011111111111,True
AS-10135,Adrian Shami,Home Office,East,2016-11-13,2017-11-19,2,58.82,21.8496,9,29.41,True
AS-10225,Alan Schoenberger,Corporate,East,2014-10-18,2017-12-08,5,4260.784,719.7751000000001,41,852.1568,True
AS-10240,Alan Shonely,Consumer,South,2014-03-15,2017-06-21,7,584.6080000000001,33.715799999999994,39,83.51542857142859,True
AS-10285,Alejandro Savely,Corporate,West,2016-05-21,2017-12-11,6,3214.236,354.62760000000003,39,535.706,True
AS-10630,Ann Steele,Home Office,Central,2014-08-01,2017-09-29,7,833.398,136.49190000000002,34,119.05685714285714,True
AT-10435,Alyssa Tate,Home Office,West,2014-11-24,2017-12-09,6,1171.814,100.87680000000002,28,195.30233333333334,True
AT-10735,Annie Thurman,Consumer,West,2014-08-30,2017-12-17,10,3831.864,974.107,60,383.1864,True
AW-10840,Anthony Witt,Consumer,Central,2015-04-13,2017-12-10,4,649.376,65.77250000000001,24,162.344,True
AW-10930,Arthur Wiediger,Home Office,Central,2014-07-14,2017-11-14,7,2852.968,-104.5486,68,407.56685714285715,True
AY-10555,Andy Yotov,Corporate,West,2014-04-06,2017-12-16,4,497.014,103.3499,34,124.2535,True
AZ-10750,Annie Zypern,Consumer,East,2014-03-17,2017-07-23,6,1622.0179999999998,154.9503,40,270.3363333333333,True
BB-10990,Barry Blumstein,Corporate,West,2014-07-27,2017-09-16,5,744.3399999999999,11.583900000000007,26,148.868,True
BB-11545,Brenda Bowman,Corporate,Central,2015-06-05,2017-12-02,9,6765.728,1015.0749999999999,83,751.7475555555556,True
BC-11125,Becky Castell,Home Office,West,2014-07-06,2017-06-11,9,2933.676,251.5974,60,325.964,True
BD-11320,Bill Donatelli,Consumer,West,2015-05-31,2017-11-27,12,5718.521,1094.5037,75,476.54341666666664,True
BD-11500,Bradley Drucker,Consumer,Central,2014-02-01,2017-11-25,6,4411.2429999999995,1142.1225,49,735.2071666666666,True
BD-11560,Brendan Dodson,Home Office,West,2015-05-30,2017-03-27,2,320.54,116.714,11,160.27,True
BD-11605,Brian Dahlen,Consumer,East,2014-01-13,2017-09-24,7,3288.471,634.8463,74,469.78157142857145,True
BD-11620,Brian DeCherney,Consumer,West,2014-06-30,2017-10-22,6,1538.11,206.75689999999997,27,256.35166666666663,True
BD-11635,Brian Derr,Consumer,South,2014-10-05,2017-12-21,3,582.646,141.53400000000002,19,194.21533333333332,True
BD-11725,Bruce Degenhardt,Consumer,South,2015-07-03,2017-09-28,6,1526.5,333.9791,29,254.41666666666666,True
BD-11770,Bryan Davis,Consumer,Central,2016-03-10,2017-02-06,6,658.466,141.265,21,109.74433333333333,True
BE-11335,Bill Eplett,Home Office,Central,2016-01-15,2017-09-02,5,4204.676,1487.7739000000001,35,840.9352000000001,True
BE-11410,Bobby Elias,Consumer,East,2016-02-07,2017-09-23,5,2261.438,755.9150999999999,19,452.2876,True
BE-11455,Brad Eason,Home Office,Central,2015-08-02,2017-04-20,6,1727.652,139.20080000000002,40,287.942,True
BF-10975,Barbara Fisher,Corporate,South,2014-07-14,2017-09-30,7,599.798,227.4384,38,85.68542857142857,True
BF-11005,Barry Franz,Home Office,West,2014-09-25,2017-11-21,4,1333.88,-291.38109999999995,26,333.47,True
BF-11020,Barry Französisch,Corporate,Central,2014-02-15,2017-10-17,8,2888.506,302.02,78,361.06325,True
BF-11080,Bart Folk,Consumer,East,2014-11-28,2017-12-05,3,272.95,110.9272,29,90.98333333333333,True
BF-11170,Ben Ferrer,Home Office,West,2014-04-13,2017-12-14,11,5907.972,1538.2127,102,537.0883636363636,True
BF-11215,Benjamin Farhat,Home Office,West,2014-11-09,2017-10-26,4,1585.162,523.2133,48,396.2905,True
BF-11275,Beth Fritzler,Corporate,West,2014-03-22,2017-11-03,3,791.9899999999999,25.870199999999997,11,263.9966666666666,True
BG-11035,Barry Gonzalez,Consumer,South,2014-11-05,2017-12-02,8,2798.948,-711.4274,35,349.8685,True
BG-11695,Brooke Gillingham,Corporate,East,2014-05-11,2017-11-24,6,1874.172,107.5715,24,312.362,True
BG-11740,Bruce Geld,Consumer,East,2014-03-23,2017-11-03,6,1006.356,119.34790000000001,22,167.726,True
BH-11710,Brosina Hoffman,Consumer,West,2014-06-09,2017-12-07,8,6255.351,802.7898,97,781.918875,True
BK-11260,Berenike Kampe,Consumer,East,2014-08-03,2017-10-14,6,659.1379999999999,-63.764399999999995,58,109.85633333333332,True
BM-11140,Becky Martin,Consumer,Central,2014-09-08,2017-02-26,4,11789.63,-1659.9580999999998,64,2947.4075,True
BM-11575,Brendan Murry,Corporate,East,2015-09-15,2017-09-21,6,808.162,95.58160000000001,22,134.69366666666667,True
BM-11650,Brian Moss,Corporate,East,2014-07-09,2017-11-27,11,7294.185,2199.2781,95,663.1077272727273,True
BM-11785,Bryan Mills,Consumer,East,2014-06-06,2017-05-26,10,1338.842,137.7439,44,133.88420000000002,True
BN-11470,Brad Norvell,Corporate,South,2014-09-12,2017-12-06,4,265.296,36.6131,15,66.324,True
BN-11515,Bradley Nguyen,Consumer,West,2014-03-17,2017-12-21,5,1459.344,340.7054,79,291.8688,True
BO-11350,Bill Overfelt,Corporate,West,2016-01-03,2017-08-15,5,2682.728,278.77700000000004,43,536.5456,True
BO-11425,Bobby Odegard,Consumer,South,2015-09-10,2017-10-16,2,130.83,59.4522,7,65.415,True
BP-11050,Barry Pond,Corporate,East,2014-10-12,2017-10-08,5,983.42,209.78300000000002,30,196.684,True
BP-11095,Bart Pistole,Corporate,Central,2014-06-07,2017-12-13,12,2442.044,433.9751,70,203.50366666666665,True
BP-11155,Becky Pak,Consumer,South,2015-06-04,2017-10-02,6,1697.8609999999999,647.3847000000001,32,282.97683333333333,True
BP-11185,Ben Peterman,Corporate,West,2015-03-24,2017-12-29,9,3675.861,363.5991,69,408.429,True
BP-11230,Benjamin Patterson,Consumer,West,2014-04-20,2017-11-21,5,1181.49,-197.2695,14,236.298,True
BP-11290,Beth Paige,Consumer,Central,2014-10-03,2017-12-18,7,2475.157,-319.0637,51,353.5938571428572,True
BS-11365,Bill Shonely,Corporate,East,2014-05-04,2016-06-20,5,10501.653,2616.0643999999998,39,2100.3306000000002,True
BS-11380,Bill Stewart,Corporate,Central,2014-11-29,2017-12-02,5,3887.834,-17.532200000000024,58,777.5668,True
BS-11590,Brendan Sweed,Corporate,West,2014-01-14,2017-11-25,6,2454.928,381.7807,41,409.1546666666666,True
BS-11665,Brian Stugart,Consumer,East,2014-06-23,2016-05-27,3,3288.1099999999997,238.73680000000002,47,1096.0366666666666,True
BS-11755,Bruce Stewart,Consumer,West,2014-05-18,2017-12-29,7,2562.382,-113.29840000000003,45,366.0545714285714,True
BS-11800,Bryan Spruell,Home Office,East,2015-09-26,2017-04-09,2,949.4300000000001,194.0516,22,474.71500000000003,True
BT-11305,Beth Thompson,Home Office,West,2014-04-25,2017-01-28,5,2567.656,417.5918,33,513.5312,True
BT-11395,Bill Tyler,Corporate,Central,2014-10-28,2017-03-03,6,2186.6130000000003,257.9163,38,364.43550000000005,True
BT-11440,Bobby Trafton,Consumer,West,2014-06-04,2016-06-18,4,603.876,-77.5256,16,150.969,True
BT-11485,Brad Thomas,Home Office,East,2015-12-27,2016-03-11,2,415.19599999999997,126.8694,11,207.59799999999998,True
BT-11530,Bradley Talbott,Home Office,West,2014-05-21,2017-09-30,5,2684.4919999999997,409.4983,44,536.8983999999999,True
BT-11680,Brian Thompson,Consumer,East,2014-11-28,2017-12-10,7,3196.752,447.74839999999995,88,456.6788571428571,True
BV-11245,Benjamin Venier,Corporate,Central,2015-03-26,2017-01-30,5,1523.2730000000001,315.2214,49,304.6546,True
BW-11065,Barry Weirich,Consumer,South,2014-05-25,2017-06-01,3,385.516,-58.28659999999999,8,128.50533333333334,True
BW-11110,Bart Watters,Corporate,Central,2015-03-20,2017-08-31,8,4750.358,921.2574,74,593.79475,True
BW-11200,Ben Wallace,Consumer,South,2014-08-12,2017-06-10,6,1738.406,246.9973,49,289.7343333333333,True
CA-11965,Carol Adams,Corporate,South,2014-01-26,2017-09-25,6,3789.7228,1143.3817,29,631.6204666666666,True
CA-12055,Cathy Armstrong,Home Office,Central,2015-09-05,2016-11-24,5,1679.7240000000002,211.2559,49,335.94480000000004,True
CA-12265,Christina Anderson,Consumer,Central,2014-03-25,2017-11-04,9,2648.2872,279.6183,65,294.25413333333336,True
CA-12310,Christine Abelman,Corporate,East,2014-07-19,2017-12-17,4,1421.954,246.02179999999998,25,355.4885,True
CA-12775,Cynthia Arntzen,Consumer,South,2014-06-28,2017-09-01,7,3041.566,204.48950000000002,72,434.50942857142854,True
CB-12025,Cassandra Brandow,Consumer,East,2014-03-21,2017-11-13,10,6076.139,150.2089,122,607.6139000000001,True
CB-12415,Christy Brittain,Consumer,East,2015-11-05,2017-12-04,8,1949.2,272.3883,44,243.65,True
CB-12535,Claudia Bergmann,Corporate,South,2015-01-02,2017-06-16,8,4246.4555,1049.5601,74,530.8069375,True
CC-12100,Chad Cunningham,Home Office,Central,2014-12-16,2016-09-29,6,1770.945,208.5912,46,295.15749999999997,True
CC-12145,Charles Crestani,Consumer,West,2014-07-20,2017-09-15,7,2471.65,392.2825,31,353.09285714285716,True
CC-12220,Chris Cortes,Consumer,Central,2014-09-09,2017-12-10,12,3913.418,393.9618,81,326.1181666666667,True
CC-12370,Christopher Conant,Consumer,South,2016-05-23,2017-11-17,5,12129.072000000002,2177.0493,34,2425.8144,True
CC-12430,Chuck Clark,Home Office,Central,2015-09-06,2017-12-30,10,2870.05,424.6583,63,287.005,True
CC-12475,Cindy Chapman,Consumer,East,2014-05-16,2017-11-21,9,1659.438,154.851,40,184.382,True
CC-12550,Clay Cheatham,Consumer,West,2017-06-15,2017-12-03,3,113.832,33.870599999999996,14,37.943999999999996,True
CC-12610,Corey Catlett,Corporate,East,2014-08-27,2017-11-26,7,2540.631,331.434,39,362.94728571428567,True
CC-12670,Craig Carreira,Consumer,East,2014-12-23,2017-12-01,7,2269.7015,187.8399,47,324.24307142857145,True
CC-12685,Craig Carroll,Consumer,South,2014-03-22,2015-10-23,4,2854.1150000000002,850.1591,51,713.5287500000001,True
CD-11920,Carlos Daly,Consumer,West,2014-03-24,2017-11-20,5,2033.968,426.661,35,406.7936,True
CD-11980,Carol Darley,Consumer,Central,2016-11-24,2017-11-06,3,639.766,-206.7172,22,213.2553333333333,True
CD-12280,Christina DeMoss,Consumer,West,2017-11-05,2017-11-18,2,1205.584,233.0274,39,602.792,True
CD-12790,Cynthia Delaney,Home Office,West,2014-02-02,2016-11-26,5,1860.732,403.8422,49,372.14639999999997,True
CG-12040,Catherine Glotzbach,Home Office,East,2015-06-01,2017-11-11,6,904.4680000000001,86.5106,37,150.7446666666667,True
CG-12520,Claire Gute,Consumer,South,2015-10-15,2017-01-26,3,1148.7800000000002,169.93439999999998,14,382.92666666666673,True
CH-12070,Cathy Hwang,Home Office,South,2015-06-25,2016-02-08,3,1537.236,195.15109999999999,13,512.412,True
CJ-11875,Carl Jackson,Corporate,East,2016-12-30,2016-12-30,1,16.52,1.652,5,16.52,False
CJ-12010,Caroline Jumper,Consumer,West,2016-03-10,2017-06-24,8,11164.974,858.7414,83,1395.62175,True
CK-12205,Chloris Kastensmidt,Consumer,East,2014-03-11,2017-11-21,13,3154.855,141.2831,122,242.68115384615385,True
CK-12325,Christine Kargatis,Home Office,West,2014-03-14,2017-09-01,5,2945.321,261.22090000000003,46,589.0642,True
CK-12595,Clytie Kelty,Consumer,East,2014-12-26,2017-11-17,11,2372.75,497.70980000000003,108,215.70454545454547,True
CK-12760,Cyma Kinney,Corporate,East,2014-02-07,2017-10-09,9,1582.109,-338.4311,64,175.78988888888887,True
CL-11890,Carl Ludwig,Consumer,East,2014-07-26,2017-09-15,4,1262.0140000000001,328.0847,24,315.50350000000003,True
CL-12565,Clay Ludtke,Consumer,Central,2014-03-04,2017-03-21,12,10880.546,1933.7830999999999,106,906.7121666666667,True
CL-12700,Craig Leslie,Home Office,Central,2016-04-24,2017-09-16,5,2353.586,229.00990000000002,34,470.71719999999993,True
CM-11815,Candace McMahon,Corporate,Central,2014-11-14,2017-08-21,6,1673.888,214.463,38,278.98133333333334,True
CM-11935,Carlos Meador,Consumer,South,2015-09-24,2016-01-22,2,565.392,-43.732400000000005,18,282.696,True
CM-12115,Chad McGuire,Consumer,East,2015-03-29,2017-12-22,4,1661.6100000000001,409.0679,35,415.40250000000003,True
CM-12160,Charles McCrossin,Consumer,Central,2016-10-21,2017-12-04,6,2533.314,-394.3686,23,422.219,True
CM-12190,Charlotte Melton,Consumer,East,2015-09-18,2017-12-22,6,1475.144,91.2033,21,245.85733333333334,True
CM-12235,Chris McAfee,Consumer,Central,2016-05-01,2016-12-10,5,2305.712,365.0387,28,461.1424,True
CM-12385,Christopher Martinez,Consumer,South,2015-03-16,2017-11-23,4,8954.019999999999,3899.8903999999998,34,2238.5049999999997,True
CM-12445,Chuck Magee,Consumer,West,2014-06-09,2016-10-20,3,287.99,64.4296,32,95.99666666666667,True
CM-12655,Corinna Mitchell,Home Office,West,2015-03-19,2017-12-03,6,6339.5576,1572.4585,42,1056.5929333333333,True
CM-12715,Craig Molinari,Corporate,Central,2014-03-07,2015-03-01,4,3984.4524,176.3108,57,996.1131,True
CP-12085,Cathy Prescott,Corporate,East,2014-12-04,2017-10-09,8,5402.254,427.0258,57,675.28175,True
CP-12340,Christine Phan,Corporate,East,2014-03-17,2017-07-23,8,5888.275,-1850.3029000000001,59,736.034375,True
CR-12580,Clay Rozendal,Home Office,Central,2016-04-18,2017-11-03,4,2148.852,74.40129999999999,32,537.213,True
CR-12625,Corey Roper,Home Office,East,2014-06-01,2016-09-16,3,475.9,144.7594,14,158.63333333333333,True
CR-12730,Craig Reiter,Consumer,East,2014-08-20,2017-10-13,4,1600.55,306.9176,18,400.1375,True
CR-12820,Cyra Reiten,Home Office,East,2015-01-24,2017-10-06,3,1397.8724,83.27029999999999,26,465.9574666666667,True
CS-11845,Cari Sayre,Corporate,West,2014-12-14,2017-09-30,5,1278.954,185.3776,22,255.7908,True
CS-11860,Cari Schnelling,Consumer,South,2014-05-02,2017-07-21,6,537.632,105.8275,16,89.60533333333332,True
CS-11950,Carlos Soltero,Consumer,Central,2014-06-08,2017-12-05,11,3036.547,-126.4223,68,276.0497272727273,True
CS-12130,Chad Sievert,Consumer,West,2014-08-05,2016-08-28,4,884.64,143.8339,28,221.16,True
CS-12175,Charles Sheldon,Corporate,South,2014-08-12,2017-05-12,5,844.4580000000001,113.1405,30,168.8916,True
CS-12250,Chris Selesnick,Corporate,South,2014-01-13,2017-12-04,12,2754.216,738.3626,97,229.518,True
CS-12355,Christine Sundaresam,Consumer,South,2014-08-15,2017-12-24,11,3202.1620000000003,831.9432,74,291.1056363636364,True
CS-12400,Christopher Schild,Home Office,Central,2014-09-26,2017-12-28,9,3651.8585000000003,-342.80330000000004,47,405.7620555555556,True
CS-12460,Chuck Sachs,Consumer,South,2017-07-03,2017-12-03,2,550.644,156.2593,13,275.322,True
CS-12490,Cindy Schnelling,Corporate,Central,2015-01-12,2016-11-01,4,1077.2285,-302.8761,33,269.307125,True
CS-12505,Cindy Stewart,Consumer,South,2014-03-26,2017-11-02,6,5690.054999999999,-6626.389499999999,40,948.3424999999999,True
CT-11995,Carol Triggs,Consumer,Central,2014-05-07,2017-09-25,8,3241.898,161.22629999999995,60,405.23725,True
CV-12295,Christina VanderZanden,Consumer,West,2014-03-28,2017-04-20,5,2830.6279999999997,493.0861,54,566.1256,True
CV-12805,Cynthia Voltz,Corporate,East,2016-05-09,2017-12-25,9,2370.3136,98.99749999999999,62,263.36817777777776,True
CW-11905,Carl Weiss,Home Office,Central,2014-06-09,2017-12-08,6,1136.592,370.8298,40,189.43200000000002,True
CY-12745,Craig Yedwab,Corporate,West,2014-12-12,2017-10-31,8,2900.026,60.64670000000001,43,362.50325,True
Co-12640,Corey-Lock,Consumer,East,2014-06-20,2016-06-29,5,1300.076,205.62820000000002,30,260.0152,True
DA-13450,Dianna Arnett,Home Office,Central,2014-04-25,2017-01-12,4,156.76,56.7904,27,39.19,True
DB-12910,Daniel Byrd,Home Office,South,2014-10-24,2017-12-09,8,2171.599,431.3748,47,271.449875,True
DB-12970,Darren Budd,Corporate,West,2014-11-12,2017-05-03,5,2839.2272,213.00289999999998,43,567.8454399999999,True
DB-13060,Dave Brooks,Consumer,West,2014-03-01,2017-12-14,7,4531.646,473.0272,48,647.3779999999999,True
DB-13120,David Bremer,Corporate,West,2015-05-01,2017-11-12,7,2973.094,-1421.7692,59,424.7277142857143,True
DB-13210,Dean Braden,Consumer,Central,2015-03-22,2017-12-21,10,2332.577,169.9679,75,233.25770000000003,True
DB-13270,Deborah Brumfield,Home Office,West,2014-02-04,2017-11-07,8,4655.897,841.8263999999999,52,581.987125,True
DB-13360,Dennis Bolton,Home Office,East,2014-11-19,2017-04-10,5,1081.466,291.0085,28,216.29319999999998,True
DB-13405,Denny Blanton,Consumer,Central,2015-08-08,2017-06-26,4,1711.692,438.9092,62,427.923,True
DB-13555,Dorothy Badders,Corporate,South,2014-04-21,2017-09-14,7,3908.8028,109.32700000000001,61,558.4004,True
DB-13615,Doug Bickford,Consumer,West,2014-09-30,2017-11-27,7,1989.05,438.80119999999994,41,284.15,True
DB-13660,Duane Benoit,Consumer,East,2014-06-17,2017-12-18,7,1155.202,177.67350000000002,33,165.02885714285713,True
DC-12850,Dan Campbell,Consumer,South,2014-07-05,2017-11-23,9,3336.168,-1441.6312999999998,64,370.68533333333335,True
DC-13285,Debra Catini,Consumer,Central,2014-12-29,2017-12-07,5,1174.618,132.06820000000002,37,234.9236,True
DD-13570,Dorothy Dickinson,Consumer,Central,2014-03-31,2017-11-19,6,269.542,36.4344,33,44.92366666666666,True
DE-13255,Deanra Eno,Home Office,East,2014-08-22,2016-01-11,5,2550.874,464.47139999999996,38,510.17479999999995,True
DF-13135,David Flashing,Consumer,West,2014-10-04,2016-01-30,3,2390.534,-259.3097,23,796.8446666666667,True
DG-13300,Deirdre Greer,Corporate,East,2014-11-01,2017-11-28,5,3195.818,562.7761,39,639.1636000000001,True
DH-13075,Dave Hallsten,Corporate,South,2014-11-21,2017-03-28,6,4932.872,1193.7404,81,822.1453333333334,True
DH-13675,Duane Huffman,Home Office,East,2014-08-12,2015-11-15,4,1043.096,116.667,41,260.774,True
DJ-13420,Denny Joy,Corporate,South,2014-12-08,2016-04-02,4,2012.52,483.03499999999997,20,503.13,True
DJ-13510,Don Jones,Corporate,South,2014-08-17,2017-11-12,8,2501.6879999999996,345.2521,52,312.71099999999996,True
DJ-13630,Doug Jacobs,Consumer,East,2015-12-14,2017-12-18,3,3356.398,731.5644,43,1118.7993333333334,True
DK-12835,Damala Kotsonis,Corporate,West,2014-03-26,2017-12-09,12,3256.48,881.1228000000001,86,271.37333333333333,True
DK-12895,Dana Kaydos,Consumer,Central,2015-03-08,2017-11-15,5,4282.176,937.6496,65,856.4352000000001,True
DK-12985,Darren Koutras,Consumer,South,2014-11-24,2017-12-23,5,1687.04,-107.35379999999998,32,337.408,True
DK-13090,Dave Kipp,Consumer,West,2015-03-02,2017-11-18,7,2650.557,536.3935,33,378.65099999999995,True
DK-13150,David Kendrick,Corporate,Central,2014-12-05,2017-12-20,2,797.832,249.9447,20,398.916,True
DK-13225,Dean Katz,Corporate,East,2014-03-14,2017-12-20,9,4802.394,209.89940000000004,70,533.5993333333333,True
DK-13375,Dennis Kane,Consumer,East,2014-09-07,2017-12-11,8,3318.486,377.0799,77,414.81075,True
DL-12865,Dan Lawera,Consumer,East,2014-06-29,2017-09-21,8,1503.112,322.2449,51,187.889,True
DL-12925,Daniel Lacy,Consumer,West,2014-09-09,2017-11-03,6,3272.2,4.213200000000029,43,545.3666666666667,True
DL-13315,Delfina Latchford,Consumer,East,2014-01-16,2017-12-08,8,1458.258,288.8732,74,182.28225,True
DL-13330,Denise Leinenbach,Consumer,West,2014-06-23,2017-11-03,4,585.02,222.6812,32,146.255,True
DL-13495,Dionis Lloyd,Corporate,West,2015-12-25,2017-10-15,8,3539.322,-52.78799999999997,33,442.41525,True
DM-12955,Dario Medina,Corporate,Central,2014-09-30,2017-09-07,7,1322.034,108.7583,28,188.86200000000002,True
DM-13015,Darrin Martin,Consumer,West,2014-09-14,2017-11-03,7,6345.103,1677.3931,87,906.4432857142857,True
DM-13345,Denise Monton,Corporate,South,2014-11-03,2017-12-08,8,4074.4719999999998,1319.0586,41,509.30899999999997,True
DM-13525,Don Miller,Corporate,Central,2014-07-05,2016-09-05,3,1376.792,199.7688,33,458.93066666666664,True
DN-13690,Duane Noonan,Consumer,West,2014-09-20,2017-05-27,7,2139.79,540.5405000000001,41,305.6842857142857,True
DO-13435,Denny Ordway,Consumer,South,2014-10-03,2017-08-19,9,1300.0315,-38.90860000000001,48,144.44794444444446,True
DO-13645,Doug O'Connell,Consumer,West,2015-11-07,2017-12-04,7,1267.316,294.0676,36,181.04514285714285,True
DP-13000,Darren Powers,Consumer,Central,2014-01-03,2017-08-26,9,1050.636,241.4524,58,116.73733333333332,True
DP-13105,Dave Poirier,Corporate,West,2015-08-22,2017-12-24,8,2215.002,563.1761,63,276.87525,True
DP-13165,David Philippe,Consumer,East,2014-12-02,2015-10-10,2,1058.616,-40.93759999999999,20,529.308,True
DP-13390,Dennis Pardue,Home Office,Central,2014-07-05,2017-01-06,9,5480.723999999999,1571.8318,50,608.9693333333332,True
DR-12880,Dan Reichenbach,Corporate,Central,2015-09-25,2017-12-27,9,6528.034000000001,1641.8613,103,725.3371111111112,True
DR-12940,Daniel Raglin,Home Office,East,2014-03-28,2017-11-10,8,8350.868,2869.0759999999996,57,1043.8585,True
DS-13030,Darrin Sayre,Home Office,West,2014-07-09,2017-09-28,4,1762.213,193.3319,54,440.55325,True
DS-13180,David Smith,Corporate,Central,2014-04-28,2017-12-07,9,2881.8128,163.6993,68,320.2014222222222,True
DV-13045,Darrin Van Huff,Corporate,West,2016-06-12,2017-12-11,5,1119.483,-427.184,28,223.89659999999998,True
DV-13465,Dianna Vittorini,Consumer,West,2014-06-22,2017-12-01,6,3341.587,353.2127,62,556.9311666666666,True
DW-13195,David Wiener,Corporate,Central,2014-01-18,2017-10-22,6,1080.751,-86.87379999999999,39,180.12516666666667,True
DW-13480,Dianna Wilson,Home Office,Central,2014-06-01,2017-05-27,5,5271.628,1348.7556,38,1054.3256,True
DW-13540,Don Weiss,Consumer,West,2016-02-27,2017-09-23,5,344.08,69.6672,21,68.816,True
DW-13585,Dorothy Wardle,Corporate,East,2014-08-24,2017-05-02,7,1204.854,-266.8966,44,172.122,True
Dl-13600,Dorris liebe,Corporate,Central,2014-03-30,2017-09-02,5,755.602,175.2388,19,151.1204,True
Dp-13240,Dean percer,Home Office,West,2014-05-26,2017-10-07,11,7198.7609999999995,333.36479999999995,99,654.4328181818181,True
EA-14035,Erin Ashbrook,Corporate,South,2014-09-13,2017-07-31,13,2846.705,-52.74059999999998,87,218.97730769230768,True
EB-13705,Ed Braxton,Corporate,East,2014-07-08,2017-11-12,9,3644.978,13.621500000000005,55,404.99755555555555,True
EB-13750,Edward Becker,Corporate,West,2015-03-12,2017-11-25,10,3236.314,-80.28599999999999,91,323.6314,True
EB-13840,Ellis Ballard,Corporate,West,2014-05-30,2017-10-01,5,4358.128,656.1988,41,871.6256,True
EB-13870,Emily Burns,Consumer,West,2014-05-05,2017-09-21,10,2767.219,261.5315,41,276.7219,True
EB-13930,Eric Barreto,Consumer,West,2014-02-02,2017-07-22,5,944.6000000000001,0.6042000000000058,24,188.92000000000002,True
EB-13975,Erica Bern,Corporate,West,2016-01-04,2017-12-30,4,1643.255,162.8781,18,410.81375,True
EB-14110,Eugene Barchas,Consumer,East,2015-04-13,2017-09-08,6,3071.126,184.7656,30,511.8543333333334,True
EB-14170,Evan Bailliet,Consumer,South,2014-09-29,2017-10-09,6,1186.326,282.1701,20,197.721,True
EC-14050,Erin Creighton,Consumer,East,2014-12-17,2017-11-07,5,461.914,96.4256,37,92.3828,True
ED-13885,Emily Ducich,Home Office,West,2014-08-09,2017-08-17,8,3484.92,670.4435000000001,54,435.615,True
EG-13900,Emily Grady,Consumer,East,2015-11-02,2017-12-08,5,1832.02,104.2656,44,366.404,True
EH-13765,Edward Hooks,Corporate,East,2014-04-12,2017-08-17,12,10310.880000000001,1393.5154,120,859.2400000000001,True
EH-13945,Eric Hoffmann,Consumer,West,2014-07-02,2017-05-27,8,684.1709999999999,53.53980000000001,72,85.52137499999999,True
EH-13990,Erica Hackney,Consumer,South,2014-01-15,2016-11-20,6,825.9499999999999,150.3759,20,137.65833333333333,True
EH-14005,Erica Hernandez,Home Office,West,2014-05-13,2017-12-28,7,1219.53,-94.14079999999997,50,174.21857142857144,True
EH-14125,Eugene Hildebrand,Home Office,Central,2014-10-19,2017-07-31,10,3082.653,96.27019999999999,76,308.26529999999997,True
EH-14185,Evan Henry,Consumer,South,2014-05-22,2017-09-16,6,923.884,242.1107,22,153.98066666666668,True
EJ-13720,Ed Jacobs,Consumer,West,2014-01-27,2017-03-03,4,2162.174,387.0176,31,540.5435,True
EJ-14155,Eva Jacobs,Consumer,South,2014-03-03,2017-11-03,5,2656.691,451.87550000000005,31,531.3381999999999,True
EK-13795,Eileen Kiefer,Home Office,West,2014-03-18,2017-11-16,4,1303.478,97.10659999999999,18,325.8695,True
EL-13735,Ed Ludwig,Home Office,East,2016-04-22,2017-10-14,2,124.28,27.1154,9,62.14,True
EM-13810,Eleni McCrary,Corporate,West,2015-06-07,2017-08-20,5,2567.0099999999998,-133.8275,23,513.4019999999999,True
EM-13825,Elizabeth Moffitt,Corporate,Central,2014-12-02,2017-11-05,8,2339.598,682.5541999999999,57,292.44975,True
EM-13960,Eric Murdock,Consumer,East,2015-10-01,2017-08-01,5,933.704,102.29599999999999,18,186.74079999999998,True
EM-14065,Erin Mull,Consumer,East,2014-07-22,2017-11-13,4,228.99,40.15459999999999,22,57.2475,True
EM-14095,Eudokia Martin,Corporate,West,2015-08-07,2017-09-08,4,1041.0420000000001,240.2362,34,260.26050000000004,True
EM-14140,Eugene Moren,Home Office,West,2014-07-19,2017-11-12,6,4588.436000000001,1319.3655,74,764.7393333333334,True
EM-14200,Evan Minnotte,Home Office,South,2015-12-20,2017-07-25,3,366.822,21.7721,13,122.274,True
EN-13780,Edward Nazzal,Consumer,East,2015-05-30,2017-03-18,4,2199.366,496.1131,27,549.8415,True
EP-13915,Emily Phan,Consumer,Central,2014-07-06,2017-12-18,17,5478.0608,144.9578,124,322.23887058823533,True
ER-13855,Elpida Rittenbach,Corporate,Central,2015-12-21,2016-11-04,3,1245.788,-295.7398,27,415.2626666666667,True
ES-14020,Erica Smith,Consumer,West,2014-09-20,2017-11-20,5,3510.4579999999996,1003.2935,31,702.0916,True
ES-14080,Erin Smith,Corporate,South,2014-10-02,2017-12-02,9,4657.924,246.6661,77,517.5471111111111,True
FA-14230,Frank Atkinson,Corporate,West,2014-09-19,2017-09-24,7,2984.054,520.5229,58,426.2934285714286,True
FC-14245,Frank Carlisle,Home Office,East,2015-06-13,2017-10-21,7,3418.742,1217.1662000000001,50,488.39171428571433,True
FC-14335,Fred Chung,Corporate,Central,2014-10-10,2017-06-29,7,3889.366,714.2926,37,555.6237142857143,True
FG-14260,Frank Gastineau,Home Office,West,2014-05-21,2017-11-26,7,1383.144,394.73969999999997,48,197.592,True
FH-14275,Frank Hawley,Corporate,Central,2014-04-06,2017-11-23,10,4256.272,1073.2676,65,425.6272,True
FH-14350,Fred Harton,Consumer,West,2015-08-23,2017-06-01,4,2271.284,706.289,52,567.821,True
FH-14365,Fred Hopkins,Corporate,East,2014-10-20,2017-12-25,8,6987.196,2050.2826,52,873.3995,True
FM-14215,Filia McAdams,Corporate,East,2014-03-11,2017-12-23,10,2456.638,249.6808,48,245.66379999999998,True
FM-14290,Frank Merwin,Home Office,West,2014-08-26,2017-11-24,9,3736.198,198.10949999999997,79,415.1331111111111,True
FM-14380,Fred McMath,Consumer,West,2015-07-12,2017-08-07,9,2523.266,191.4898,53,280.3628888888889,True
FO-14305,Frank Olsen,Consumer,East,2014-06-09,2017-11-22,10,2678.438,215.59689999999998,60,267.8438,True
FP-14320,Frank Preis,Consumer,West,2014-12-07,2017-12-07,8,4046.746,406.44730000000004,54,505.84325,True
FW-14395,Fred Wasserman,Corporate,South,2015-03-22,2017-01-02,3,79.75,23.491300000000003,9,26.583333333333332,True
GA-14515,George Ashbrook,Consumer,West,2014-05-18,2017-08-03,8,3919.7760000000003,840.899,48,489.97200000000004,True
GA-14725,Guy Armstrong,Consumer,East,2014-02-11,2017-12-25,11,1398.382,136.70790000000002,79,127.12563636363637,True
GB-14530,George Bell,Corporate,East,2014-04-28,2017-10-29,11,1568.44,7.837100000000003,62,142.58545454545455,True
GB-14575,Giulietta Baptist,Consumer,East,2015-06-12,2017-12-17,5,4716.288,1135.8393,63,943.2575999999999,True
GD-14590,Giulietta Dortch,Corporate,East,2014-05-05,2017-12-25,4,1888.07,230.93729999999996,25,472.0175,True
GG-14650,Greg Guthrie,Corporate,South,2014-10-31,2017-11-17,9,2224.0,12.698500000000008,92,247.11111111111111,True
GH-14410,Gary Hansen,Home Office,West,2014-07-09,2017-10-16,9,2819.4669999999996,-576.8335,65,313.2741111111111,True
GH-14425,Gary Hwang,Consumer,West,2014-06-17,2017-11-10,4,4172.8460000000005,1176.4181,51,1043.2115000000001,True
GH-14485,Gene Hale,Corporate,Central,2015-10-08,2016-12-08,2,1361.2440000000001,-95.4498,15,680.6220000000001,True
GH-14665,Greg Hansen,Consumer,Central,2015-11-17,2017-12-28,2,146.94080000000002,-5.810200000000001,9,73.47040000000001,True
GK-14620,Grace Kelly,Corporate,West,2014-06-25,2017-09-09,9,6497.27,1448.5525,66,721.9188888888889,True
GM-14440,Gary McGarr,Consumer,West,2014-03-21,2017-10-08,7,3582.8199999999997,347.266,43,511.83142857142855,True
GM-14455,Gary Mitchum,Home Office,Central,2014-04-11,2017-12-14,6,3078.624,793.2814000000001,54,513.1039999999999,True
GM-14500,Gene McClure,Consumer,East,2014-08-09,2017-09-15,10,1255.682,441.3185,53,125.5682,True
GM-14680,Greg Matthias,Consumer,West,2014-05-10,2017-07-31,6,3163.628,35.48649999999999,31,527.2713333333334,True
GM-14695,Greg Maxwell,Corporate,West,2014-04-05,2017-09-04,3,6049.966,188.7235,44,2016.6553333333334,True
GP-14740,Guy Phonely,Corporate,East,2014-04-06,2015-11-26,2,236.53,31.837600000000002,21,118.265,True
GR-14560,Georgia Rosenberg,Corporate,West,2014-11-19,2014-11-21,2,1284.38,359.83320000000003,23,642.19,True
GT-14635,Grant Thornton,Corporate,South,2014-06-06,2017-11-04,3,9351.212,-4108.6589,26,3117.0706666666665,True
GT-14710,Greg Tran,Consumer,Central,2014-05-23,2017-11-24,11,11820.119999999999,2163.4269,106,1074.5563636363636,True
GT-14755,Guy Thornton,Consumer,Central,2015-02-18,2017-11-26,4,226.436,-6.139200000000002,23,56.609,True
GW-14605,Giulietta Weimer,Consumer,West,2014-03-01,2017-12-02,7,2189.019,-268.54229999999995,43,312.717,True
GZ-14470,Gary Zandusky,Consumer,Central,2014-08-05,2017-12-23,9,4355.150000000001,1087.7539,48,483.9055555555556,True
GZ-14545,George Zrebassa,Corporate,East,2014-09-28,2017-07-26,4,2454.6220000000003,828.661,25,613.6555000000001,True
HA-14905,Helen Abelman,Consumer,East,2014-06-30,2017-10-22,7,2163.3,270.8574,45,309.04285714285714,True
HA-14920,Helen Andreada,Consumer,West,2014-10-11,2017-12-10,8,2584.158,99.1445,72,323.01975,True
HD-14785,Harold Dahlen,Home Office,East,2014-05-11,2015-11-22,3,251.36,-135.87599999999998,31,83.78666666666668,True
HE-14800,Harold Engle,Corporate,Central,2016-01-30,2017-12-18,4,883.5319999999999,274.4028,44,220.88299999999998,True
HF-14995,Herbert Flentye,Consumer,Central,2014-05-26,2017-12-09,7,2533.1639999999998,-13.876799999999989,70,361.8805714285714,True
HG-14845,Harry Greene,Consumer,South,2014-04-29,2017-11-06,5,785.628,147.0032,31,157.12560000000002,True
HG-14965,Henry Goldwyn,Corporate,West,2014-09-20,2017-12-07,12,3247.642,-2797.9635000000003,68,270.6368333333333,True
HG-15025,Hunter Glantz,Consumer,Central,2014-10-14,2017-12-24,7,3690.284,804.6113,38,527.1834285714286,True
HH-15010,Hilary Holden,Corporate,West,2014-08-29,2017-10-19,2,218.668,86.7342,20,109.334,True
HJ-14875,Heather Jas,Home Office,South,2015-04-13,2017-08-26,5,358.1,98.6548,21,71.62,True
HK-14890,Heather Kirkland,Corporate,South,2014-06-10,2017-08-01,8,4877.784,956.9451,64,609.723,True
HL-15040,Hunter Lopez,Consumer,Central,2014-01-20,2017-11-17,6,12873.297999999999,5622.4292000000005,50,2145.5496666666663,True
HM-14860,Harry Marie,Corporate,East,2014-07-21,2017-12-28,10,8236.7648,2437.9836,76,823.6764800000001,True
HM-14980,Henry MacAllister,Consumer,East,2015-10-02,2017-04-27,4,736.276,117.2755,29,184.069,True
HP-14815,Harold Pawlan,Home Office,Central,2014-05-06,2017-11-30,7,1990.314,373.8637,44,284.33057142857143,True
HR-14770,Hallie Redmond,Home Office,West,2014-03-01,2017-12-17,5,1299.288,185.5794,38,259.8576,True
HR-14830,Harold Ryan,Corporate,West,2014-11-24,2017-07-24,7,5248.787,1196.9504,51,749.8267142857143,True
HW-14935,Helen Wasserman,Corporate,West,2015-09-27,2017-09-04,8,9300.254,2164.1611,85,1162.53175,True
HZ-14950,Henia Zydlo,Consumer,East,2016-03-14,2017-11-25,5,886.52,-130.3879,21,177.304,True
IG-15085,Ivan Gibson,Consumer,West,2014-10-18,2017-10-20,4,744.574,320.4982,19,186.1435,True
IL-15100,Ivan Liston,Consumer,West,2014-08-01,2017-08-10,7,5040.736,1121.937,60,720.1051428571428,True
IM-15055,Ionia McGrath,Consumer,West,2014-01-23,2016-11-16,3,2872.63,975.7701,19,957.5433333333334,True
IM-15070,Irene Maddox,Consumer,West,2014-12-19,2016-12-05,7,4930.474,514.6527,93,704.3534285714286,True
JA-15970,Joseph Airdo,Consumer,West,2014-09-17,2017-09-29,8,6491.026,-819.4217000000001,87,811.37825,True
JB-15400,Jennifer Braxton,Corporate,Central,2014-09-14,2017-12-23,10,1791.605,156.05319999999998,43,179.1605,True
JB-15925,Joni Blumstein,Consumer,East,2014-12-05,2015-12-24,3,900.552,-286.9808,32,300.184,True
JB-16000,Joy Bell-,Consumer,Central,2016-01-10,2017-11-17,7,644.1188,126.76490000000001,32,92.01697142857142,True
JB-16045,Julia Barnett,Home Office,South,2015-05-03,2017-12-23,5,2518.115,201.51850000000002,32,503.62299999999993,True
JC-15340,Jasper Cacioppo,Consumer,West,2014-01-28,2017-09-07,4,71.263,-0.35560000000000036,12,17.81575,True
JC-15385,Jenna Caffey,Consumer,West,2017-07-08,2017-07-08,1,1058.108,502.92440000000005,14,1058.108,False
JC-15775,John Castell,Consumer,Central,2014-09-14,2017-07-25,9,2772.055,279.56919999999997,64,308.00611111111107,True
JC-16105,Julie Creighton,Corporate,South,2014-11-18,2017-11-03,5,858.576,201.5952,43,171.7152,True
JD-15790,John Dryer,Consumer,Central,2015-04-02,2017-09-04,5,2152.352,-266.55249999999995,26,430.4704,True
JD-15895,Jonathan Doherty,Corporate,East,2014-03-26,2016-12-01,11,7610.8640000000005,1050.2667999999999,150,691.8967272727273,True
JD-16015,Joy Daniels,Consumer,Central,2014-10-04,2017-09-09,6,385.43,26.7605,39,64.23833333333333,True
JD-16060,Julia Dunbar,Consumer,West,2014-09-24,2017-03-05,3,695.442,111.11410000000001,17,231.814,True
JD-16150,Justin Deggeller,Corporate,Central,2014-11-16,2017-11-19,8,8828.0305,1619.5199,60,1103.5038125,True
JE-15475,Jeremy Ellison,Consumer,East,2015-03-16,2017-06-20,6,1388.682,276.2197,49,231.447,True
JE-15610,Jim Epp,Corporate,Central,2014-10-14,2017-11-12,7,7754.976,1623.4019,74,1107.8537142857142,True
JE-15715,Joe Elijah,Consumer,West,2014-08-25,2017-11-14,10,8697.842999999999,1262.2926,97,869.7842999999999,True
JE-15745,Joel Eaton,Consumer,South,2014-06-22,2017-11-09,13,6760.8150000000005,221.79670000000002,90,520.0626923076924,True
JE-16165,Justin Ellison,Corporate,Central,2016-12-05,2017-12-10,3,2697.248,789.6476,34,899.0826666666667,True
JF-15190,Jamie Frazer,Consumer,West,2014-11-15,2017-10-26,7,2279.5860000000002,575.1259,72,325.6551428571429,True
JF-15295,Jason Fortune-,Consumer,West,2014-03-14,2017-05-19,5,955.124,97.28899999999999,42,191.0248,True
JF-15355,Jay Fein,Consumer,Central,2015-10-23,2017-09-16,6,1911.844,330.199,58,318.6406666666667,True
JF-15415,Jennifer Ferguson,Consumer,East,2014-06-17,2017-12-28,6,2371.448,635.6376,69,395.24133333333333,True
JF-15490,Jeremy Farry,Consumer,West,2014-10-19,2017-08-31,11,1082.918,-18.06730000000001,36,98.4470909090909,True
JF-15565,Jill Fjeld,Consumer,Central,2014-10-11,2017-11-06,8,4198.332,1073.2088,67,524.7915,True
JG-15115,Jack Garza,Consumer,West,2014-09-21,2015-12-03,3,2358.676,684.1911,20,786.2253333333333,True
JG-15160,James Galang,Consumer,West,2014-05-30,2017-12-29,11,6366.392,1415.6664,70,578.762909090909,True
JG-15310,Jason Gross,Corporate,East,2016-03-03,2017-12-28,6,2240.58,3.7976000000000063,46,373.43,True
JG-15805,John Grady,Corporate,East,2014-04-05,2017-05-21,6,1507.018,206.1019,46,251.16966666666667,True
JH-15430,Jennifer Halladay,Consumer,South,2014-02-24,2017-12-25,4,309.281,-24.077100000000005,29,77.32025,True
JH-15820,John Huston,Consumer,East,2014-05-19,2017-07-09,6,528.91,26.082199999999997,29,88.15166666666666,True
JH-15910,Jonathan Howell,Consumer,West,2015-06-12,2017-11-19,7,959.477,-13.554499999999996,35,137.06814285714285,True
JH-15985,Joseph Holt,Consumer,Central,2014-08-09,2017-12-01,6,7954.9980000000005,-644.6982,64,1325.833,True
JH-16180,Justin Hirsh,Consumer,West,2015-05-25,2016-11-21,4,2256.3940000000002,-96.95300000000002,28,564.0985000000001,True
JJ-15445,Jennifer Jackson,Consumer,West,2015-03-05,2016-09-03,5,709.178,200.5558,25,141.8356,True
JJ-15760,Joel Jenkins,Home Office,South,2015-10-05,2015-12-08,2,195.0,34.449200000000005,11,97.5,True
JK-15205,Jamie Kunitz,Consumer,West,2014-07-11,2017-10-30,5,4427.142,1219.983,67,885.4284,True
JK-15325,Jason Klamczynski,Corporate,Central,2014-11-21,2017-03-18,3,383.812,55.32769999999999,15,127.93733333333334,True
JK-15370,Jay Kimmel,Consumer,West,2014-04-11,2017-11-16,8,2709.632,330.2838,72,338.704,True
JK-15625,Jim Karlsson,Consumer,West,2014-05-31,2017-10-30,7,3760.028,750.9485,44,537.1468571428571,True
JK-15640,Jim Kriz,Home Office,East,2014-09-19,2017-07-03,9,4760.434,1172.5303,41,528.9371111111111,True
JK-15730,Joe Kamberova,Consumer,South,2014-11-18,2017-10-07,10,4867.2,55.0483,88,486.71999999999997,True
JK-16090,Juliana Krohn,Consumer,Central,2015-04-21,2017-12-02,3,3747.668,586.6625,43,1249.2226666666668,True
JK-16120,Julie Kriz,Home Office,Central,2014-11-02,2017-09-04,10,2932.484,122.6566,49,293.2484,True
JL-15130,Jack Lebron,Consumer,Central,2014-07-18,2017-12-22,6,1214.956,-207.79559999999998,42,202.49266666666665,True
JL-15175,James Lanier,Home Office,South,2014-12-31,2017-12-24,5,1571.523,209.2817,29,314.3046,True
JL-15235,Janet Lee,Consumer,Central,2014-05-25,2017-09-02,5,2203.7,54.51740000000002,39,440.73999999999995,True
JL-15505,Jeremy Lonsdale,Consumer,East,2014-11-14,2017-11-11,6,3173.874,591.7163,56,528.9789999999999,True
JL-15835,John Lee,Consumer,West,2014-04-18,2017-12-09,11,9799.923,228.907,143,890.9020909090909,True
JL-15850,John Lucas,Consumer,East,2014-07-22,2016-04-25,6,2725.256,779.9046,38,454.2093333333333,True
JM-15250,Janet Martin,Consumer,South,2016-03-29,2017-11-23,6,3159.1220000000003,19.82350000000004,91,526.5203333333334,True
JM-15265,Janet Molinari,Corporate,East,2014-08-25,2017-11-23,5,1804.146,502.6143,52,360.8292,True
JM-15535,Jessica Myrick,Consumer,East,2014-09-13,2017-09-19,7,1733.443,356.5395,46,247.6347142857143,True
JM-15580,Jill Matthias,Consumer,South,2016-04-14,2017-12-30,5,303.948,113.1204,26,60.78959999999999,True
JM-15655,Jim Mitchum,Corporate,East,2014-04-08,2017-12-22,5,864.947,117.20400000000001,41,172.9894,True
JM-15865,John Murray,Consumer,East,2014-11-19,2017-09-12,7,7625.076000000001,1574.6163999999999,50,1089.2965714285715,True
JM-16195,Justin MacKendrick,Consumer,West,2014-04-30,2017-11-03,10,2833.9260000000004,754.1144,74,283.3926,True
JO-15145,Jack O'Briant,Corporate,East,2014-01-06,2017-11-03,9,3254.949,581.4045,59,361.661,True
JO-15280,Jas O'Carroll,Consumer,West,2014-03-31,2017-09-29,6,1934.272,202.13619999999997,36,322.3786666666667,True
JO-15550,Jesus Ocampo,Home Office,East,2015-03-19,2017-05-29,5,1090.838,167.6709,42,218.1676,True
JP-15460,Jennifer Patt,Corporate,East,2014-08-24,2017-11-23,7,1669.135,429.7465,54,238.44785714285715,True
JP-15520,Jeremy Pistek,Consumer,West,2014-08-22,2017-12-22,7,3635.594,757.1802,63,519.3705714285715,True
JP-16135,Julie Prescott,Home Office,South,2014-09-23,2017-09-19,9,1707.71,309.7116,47,189.74555555555557,True
JR-15670,Jim Radford,Consumer,East,2015-12-24,2016-05-16,2,1156.658,-785.1645,14,578.329,True
JR-15700,Jocasta Rupert,Consumer,South,2017-10-23,2017-10-23,1,863.88,107.985,3,863.88,False
JR-16210,Justin Ritter,Corporate,East,2015-09-18,2017-11-27,5,2201.686,452.37300000000005,41,440.33720000000005,True
JS-15595,Jill Stevenson,Corporate,West,2014-03-03,2017-09-02,4,1417.654,-175.54899999999998,35,354.4135,True
JS-15685,Jim Sink,Corporate,West,2016-06-14,2017-11-18,4,1131.0639999999999,-54.8692,42,282.76599999999996,True
JS-15880,John Stevenson,Consumer,West,2014-04-08,2016-07-14,5,3868.02,564.9798000000001,43,773.604,True
JS-15940,Joni Sundaresam,Home Office,Central,2014-05-03,2016-09-23,5,469.169,-327.9336,37,93.8338,True
JS-16030,Joy Smith,Consumer,Central,2014-02-27,2017-12-02,6,2516.494,-311.25749999999994,70,419.4156666666667,True
JW-15220,Jane Waco,Corporate,West,2015-04-30,2017-11-18,6,7721.714,2173.7093999999997,66,1286.9523333333334,True
JW-15955,Joni Wasserman,Consumer,West,2015-08-16,2017-12-25,7,1244.086,-29.575899999999987,41,177.72657142857142,True
JW-16075,Julia West,Consumer,East,2015-03-21,2016-09-25,4,1428.731,154.06369999999998,38,357.18275,True
KA-16525,Kelly Andreada,Consumer,West,2014-03-11,2017-11-24,7,1519.506,234.9194,57,217.07228571428573,True
KB-16240,Karen Bern,Corporate,West,2014-03-31,2017-12-26,7,3152.6150000000002,763.9076,34,450.37357142857144,True
KB-16315,Karl Braun,Consumer,Central,2014-08-26,2017-03-09,9,1569.464,49.71929999999999,62,174.3848888888889,True
KB-16405,Katrina Bavinger,Home Office,West,2015-11-20,2017-09-04,3,908.821,274.297,25,302.94033333333334,True
KB-16585,Ken Black,Corporate,Central,2014-04-04,2017-05-14,12,2744.742,579.3551,102,228.72850000000003,True
KB-16600,Ken Brennan,Corporate,Central,2014-12-30,2017-12-29,7,983.922,293.55240000000003,29,140.56028571428573,True
KC-16255,Karen Carlisle,Corporate,West,2014-09-08,2016-11-18,6,2120.954,846.1217,40,353.49233333333336,True
KC-16540,Kelly Collister,Consumer,West,2015-11-02,2017-09-24,4,3908.262,709.4219,28,977.0655,True
KC-16675,Kimberly Carter,Corporate,West,2014-12-13,2017-11-03,4,1146.05,156.7797,40,286.5125,True
KD-16270,Karen Daniels,Consumer,South,2014-11-11,2016-09-02,5,8282.358,1107.6952000000003,64,1656.4716,True
KD-16345,Katherine Ducich,Consumer,West,2014-09-02,2017-11-19,6,1888.964,328.5942,36,314.82733333333334,True
KD-16495,Keith Dawkins,Corporate,East,2014-09-28,2017-09-09,12,8181.256,3038.6254,84,681.7713333333334,True
KD-16615,Ken Dana,Corporate,West,2015-09-13,2017-03-16,5,2243.5099999999998,539.7219,56,448.70199999999994,True
KE-16420,Katrina Edelman,Corporate,South,2014-04-03,2017-12-04,8,1686.7312,397.87989999999996,67,210.8414,True
KF-16285,Karen Ferguson,Home Office,West,2014-09-26,2017-09-24,7,10604.266,1660.1386,67,1514.895142857143,True
KH-16330,Katharine Harms,Corporate,South,2014-04-01,2017-11-20,8,3312.864,454.7871,70,414.108,True
KH-16360,Katherine Hughes,Consumer,East,2014-04-29,2017-12-29,6,3100.612,528.2051,40,516.7686666666667,True
KH-16510,Keith Herrera,Consumer,West,2014-08-15,2017-12-08,7,5952.859,656.1162,91,850.4084285714287,True
KH-16630,Ken Heidel,Corporate,Central,2014-11-01,2017-11-02,9,3918.9660000000003,727.3786,84,435.4406666666667,True
KH-16690,Kristen Hastings,Corporate,West,2014-03-21,2017-12-28,7,5990.799,1227.5091,69,855.8284285714286,True
KL-16555,Kelly Lampkin,Corporate,West,2014-06-15,2017-12-14,8,5016.488,-182.78130000000002,84,627.061,True
KL-16645,Ken Lonsdale,Consumer,Central,2014-07-25,2017-11-13,12,14175.229000000001,806.855,113,1181.2690833333334,True
KM-16225,Kalyca Meade,Corporate,East,2015-07-06,2017-12-16,6,2260.958,635.1057000000001,72,376.82633333333337,True
KM-16375,Katherine Murray,Home Office,South,2014-07-20,2017-11-04,8,5620.186,973.7901999999999,69,702.52325,True
KM-16660,Khloe Miller,Consumer,South,2014-12-22,2017-12-15,5,453.538,91.1391,30,90.7076,True
KM-16720,Kunst Miller,Consumer,West,2014-03-30,2017-12-02,8,4909.472,745.7685,98,613.684,True
KN-16390,Katherine Nockton,Corporate,West,2014-12-02,2017-12-11,9,2617.272,-151.1518,56,290.808,True
KN-16450,Kean Nguyen,Corporate,South,2014-04-12,2017-11-08,5,2171.962,114.3083,49,434.3924,True
KN-16705,Kristina Nunn,Home Office,West,2014-03-02,2017-09-23,8,2280.58,329.76250000000005,55,285.0725,True
KS-16300,Karen Seio,Corporate,West,2015-01-13,2017-03-10,3,88.472,0.11099999999999888,10,29.490666666666666,True
KT-16465,Kean Takahito,Consumer,West,2014-09-08,2016-12-04,7,3057.1,254.0032,45,436.7285714285714,True
KT-16480,Kean Thornton,Consumer,East,2014-03-10,2017-09-21,10,4642.088400000001,194.0671,37,464.20884000000007,True
KW-16435,Katrina Willman,Consumer,East,2015-08-24,2017-09-25,5,4416.5199999999995,1756.135,42,883.3039999999999,True
KW-16570,Kelly Williams,Consumer,South,2014-09-30,2015-11-20,4,449.096,107.92699999999999,22,112.274,True
LA-16780,Laura Armstrong,Corporate,Central,2014-04-29,2017-07-29,11,8673.222,2059.1199,105,788.4747272727273,True
LB-16735,Larry Blacks,Consumer,Central,2016-07-25,2017-11-12,3,50.188,18.6507,12,16.729333333333333,True
LB-16795,Laurel Beltran,Home Office,Central,2014-04-23,2017-07-31,8,4704.304,-40.13219999999996,74,588.038,True
LC-16870,Lena Cacioppo,Consumer,West,2015-05-03,2017-12-03,8,2580.7039999999997,-188.25110000000004,113,322.58799999999997,True
LC-16885,Lena Creighton,Consumer,West,2014-04-25,2017-12-14,12,7663.126,1288.3469,93,638.5938333333334,True
LC-16930,Linda Cazamias,Corporate,Central,2014-02-20,2017-11-19,8,4492.946,288.26599999999996,52,561.61825,True
LC-16960,Lindsay Castell,Home Office,South,2015-02-23,2016-10-20,4,3246.626,299.48019999999997,30,811.6565,True
LC-17050,Liz Carlisle,Consumer,West,2014-01-31,2017-11-06,5,2095.064,86.77799999999999,43,419.01279999999997,True
LC-17140,Logan Currie,Consumer,Central,2014-09-09,2017-12-17,9,2633.582,231.12520000000004,62,292.6202222222222,True
LD-16855,Lela Donovan,Corporate,Central,2016-06-26,2016-06-26,1,5.304,0.4641,3,5.304,False
LD-17005,Lisa DeCherney,Consumer,West,2014-09-29,2016-11-11,4,1961.934,557.1714,25,490.4835,True
LE-16810,Laurel Elliston,Consumer,West,2014-05-27,2017-12-09,6,1469.45,161.76489999999998,32,244.90833333333333,True
LF-17185,Luke Foster,Consumer,South,2014-07-26,2017-12-08,7,3930.5089999999996,-3583.977,69,561.5012857142857,True
LH-16750,Larry Hughes,Consumer,South,2014-09-21,2017-08-01,3,287.426,12.627699999999999,12,95.80866666666667,True
LH-16900,Lena Hernandez,Consumer,East,2014-08-19,2017-12-09,9,2295.332,526.0727,64,255.03688888888888,True
LH-17020,Lisa Hazard,Consumer,East,2014-09-08,2017-05-05,4,318.239,-242.73989999999998,34,79.55975,True
LH-17155,Logan Haushalter,Consumer,West,2014-12-12,2016-12-10,9,1739.689,316.5202,44,193.2987777777778,True
LL-16840,Lauren Leatherbury,Consumer,East,2014-04-29,2017-04-25,6,2741.2039999999997,560.0078,50,456.8673333333333,True
LM-17065,Liz MacKendrick,Consumer,East,2014-06-27,2016-12-04,5,1346.774,-44.87799999999999,32,269.35479999999995,True
LO-17170,Lori Olson,Corporate,West,2015-02-06,2017-12-28,5,644.35,150.1712,34,128.87,True
LP-17080,Liz Pelletier,Consumer,West,2014-06-24,2017-11-20,4,756.606,110.7813,39,189.1515,True
LP-17095,Liz Preis,Consumer,South,2016-06-06,2017-12-21,7,3653.399,338.44539999999995,52,521.9141428571428,True
LR-16915,Lena Radford,Consumer,West,2014-08-08,2017-12-04,6,5142.892,535.4764,64,857.1486666666666,True
LR-17035,Lisa Ryan,Corporate,East,2014-09-07,2017-08-20,5,1879.306,-382.8079,44,375.8612,True
LS-16945,Linda Southworth,Corporate,East,2015-04-25,2017-07-05,6,2845.27,-318.77369999999996,51,474.21166666666664,True
LS-16975,Lindsay Shagiari,Home Office,West,2014-10-20,2017-12-10,9,2988.674,262.63669999999996,63,332.0748888888889,True
LS-17200,Luke Schmidt,Corporate,Central,2014-10-18,2017-09-25,6,1010.2560000000001,244.197,54,168.376,True
LS-17230,Lycoris Saunders,Consumer,East,2014-01-06,2015-11-14,3,368.88000000000005,39.1952,16,122.96000000000002,True
LS-17245,Lynn Smith,Consumer,Central,2014-10-16,2017-11-26,6,1008.1360000000001,348.3584,47,168.02266666666668,True
LT-16765,Larry Tron,Consumer,West,2014-09-01,2017-12-04,3,329.876,59.036,8,109.95866666666666,True
LT-17110,Liz Thompson,Consumer,West,2014-06-01,2017-11-26,8,2936.252,320.973,63,367.0315,True
LW-16825,Laurel Workman,Corporate,South,2014-05-30,2017-10-03,5,2238.061,32.5767,50,447.61220000000003,True
LW-16990,Lindsay Williams,Corporate,West,2016-05-05,2017-11-27,6,3230.308,662.8339000000001,38,538.3846666666667,True
LW-17125,Liz Willingham,Consumer,East,2014-09-11,2017-06-08,3,1259.04,192.6312,15,419.68,True
LW-17215,Luke Weiss,Consumer,West,2014-09-12,2017-12-09,7,5420.514,837.2411,59,774.3591428571428,True
MA-17560,Matt Abelman,Home Office,Central,2014-08-08,2017-10-27,11,4299.161,1240.2266,117,390.8328181818182,True
MA-17995,Michelle Arnett,Home Office,East,2014-09-20,2017-06-27,6,2453.284,280.7822,42,408.8806666666667,True
MB-17305,Maria Bertelson,Consumer,East,2014-08-08,2017-11-12,10,1548.702,212.425,63,154.8702,True
MB-18085,Mick Brown,Consumer,East,2014-01-05,2017-11-16,7,1428.231,117.8057,39,204.033,True
MC-17275,Marc Crier,Consumer,South,2014-09-08,2017-10-15,8,2725.982,461.0014,54,340.74775,True
MC-17425,Mark Cousins,Corporate,South,2014-05-30,2016-11-26,5,4432.138,1802.3903,48,886.4276,True
MC-17575,Matt Collins,Consumer,East,2014-12-02,2017-12-03,8,1303.893,210.7493,40,162.986625,True
MC-17590,Matt Collister,Corporate,East,2014-05-20,2017-11-09,6,2426.067,288.98409999999996,47,404.3445,True
MC-17605,Matt Connell,Corporate,Central,2014-03-19,2017-09-09,8,2258.192,195.4486,60,282.274,True
MC-17635,Matthew Clasen,Corporate,Central,2014-11-28,2017-06-24,4,795.154,-247.94350000000003,33,198.7885,True
MC-17845,Michael Chen,Consumer,South,2014-07-05,2017-12-29,7,3805.714,698.4174,45,543.6734285714285,True
MC-18100,Mick Crebagga,Consumer,Central,2014-06-18,2017-11-19,10,2218.98,-64.1668,73,221.898,True
MC-18130,Mike Caudle,Corporate,South,2014-09-19,2016-12-26,5,1581.9979999999998,121.7565,34,316.39959999999996,True
MD-17350,Maribeth Dona,Consumer,South,2014-11-05,2017-09-04,7,3766.382,-241.94999999999996,64,538.0545714285714,True
MD-17860,Michael Dominguez,Corporate,Central,2014-12-02,2017-11-24,5,1204.91,-4.040300000000002,45,240.98200000000003,True
ME-17320,Maria Etezadi,Home Office,South,2014-01-06,2017-11-18,10,10663.728000000001,1859.4695,82,1066.3728,True
ME-17725,Max Engle,Consumer,West,2014-07-12,2017-12-02,8,1908.4532,77.81280000000001,46,238.55665,True
ME-18010,Michelle Ellison,Corporate,West,2014-07-21,2017-09-29,4,1256.944,107.3604,15,314.236,True
MF-17665,Maureen Fritzler,Corporate,East,2014-12-30,2016-11-04,5,937.039,-341.52650000000006,36,187.4078,True
MF-18250,Monica Federle,Corporate,West,2014-09-15,2017-12-23,5,1758.3,456.86080000000004,38,351.65999999999997,True
MG-17650,Matthew Grinstein,Home Office,East,2014-08-09,2017-12-01,7,3785.276,341.898,57,540.7537142857143,True
MG-17680,Maureen Gastineau,Home Office,East,2014-10-22,2017-09-29,4,2350.188,25.888599999999972,25,587.547,True
MG-17695,Maureen Gnade,Consumer,East,2014-12-26,2016-06-23,3,1342.282,-398.79319999999996,23,447.4273333333333,True
MG-17875,Michael Grace,Home Office,East,2014-02-23,2017-09-05,5,1242.8329999999999,-470.7684,23,248.56659999999997,True
MG-17890,Michael Granlund,Home Office,East,2014-12-29,2017-09-22,9,776.384,171.7372,35,86.26488888888889,True
MG-18145,Mike Gockenbach,Consumer,East,2014-03-29,2017-10-07,4,3061.543,-93.603,42,765.38575,True
MG-18205,Mitch Gastineau,Corporate,South,2017-04-10,2017-04-10,1,16.739,-1.2453,8,16.739,False
MH-17290,Marc Harrigan,Home Office,West,2014-04-26,2017-09-02,6,2394.025,28.761200000000038,55,399.00416666666666,True
MH-17440,Mark Haberlin,Corporate,East,2014-02-04,2016-12-19,4,400.016,61.428599999999996,25,100.004,True
MH-17455,Mark Hamilton,Consumer,South,2014-07-11,2017-10-06,8,2456.1820000000002,484.77330000000006,45,307.02275000000003,True
MH-17620,Matt Hagelstein,Corporate,West,2015-12-05,2017-07-28,4,1252.8,122.3612,19,313.2,True
MH-17785,Maya Herman,Corporate,East,2014-05-27,2017-09-23,7,2203.7780000000002,238.5614,42,314.82542857142863,True
MH-18025,Michelle Huthwaite,Consumer,West,2014-07-08,2017-11-11,5,2984.948,476.9032,31,596.9896,True
MH-18115,Mick Hernandez,Home Office,East,2016-08-23,2017-12-25,9,5503.093,170.9746,79,611.4547777777777,True
MJ-17740,Max Jones,Consumer,West,2015-06-09,2017-12-08,7,6320.746,1054.5529000000001,50,902.9637142857143,True
MK-17905,Michael Kennedy,Corporate,East,2014-11-18,2017-12-02,8,2302.368,-405.3559,73,287.796,True
MK-18160,Mike Kennedy,Consumer,South,2014-12-19,2017-05-04,4,1031.602,227.83380000000002,43,257.9005,True
ML-17395,Marina Lichtenstein,Corporate,West,2014-02-14,2017-10-22,9,2722.843,684.9162,72,302.5381111111111,True
ML-17410,Maris LaWare,Consumer,East,2014-11-14,2017-11-06,6,2921.5,-76.17550000000003,51,486.9166666666667,True
ML-17755,Max Ludwig,Home Office,South,2016-08-04,2017-12-01,7,2071.9139999999998,409.51120000000003,53,295.9877142857143,True
ML-18040,Michelle Lonsdale,Corporate,West,2017-03-26,2017-10-12,3,742.082,138.71620000000001,18,247.36066666666667,True
ML-18265,Muhammed Lee,Consumer,West,2015-05-31,2017-09-21,2,162.232,42.6648,7,81.116,True
MM-17260,Magdelene Morse,Consumer,East,2014-05-28,2017-07-15,4,1314.023,178.402,17,328.50575,True
MM-17920,Michael Moore,Consumer,West,2014-01-13,2017-12-23,11,3794.0800000000004,82.12499999999997,68,344.91636363636366,True
MM-18055,Michelle Moray,Consumer,West,2014-04-11,2017-10-30,8,2749.881,-520.3443,73,343.735125,True
MM-18280,Muhammed MacIntyre,Corporate,Central,2014-01-20,2017-10-06,9,775.414,58.8916,32,86.1571111111111,True
MN-17935,Michael Nguyen,Consumer,Central,2014-02-16,2017-11-26,6,2477.946,290.8227,36,412.991,True
MO-17500,Mary O'Rourke,Consumer,East,2014-11-28,2017-10-19,4,922.487,59.357699999999994,15,230.62175,True
MO-17800,Meg O'Connel,Home Office,East,2015-09-17,2017-09-17,8,1687.0269999999998,169.34369999999998,49,210.87837499999998,True
MO-17950,Michael Oakman,Consumer,Central,2015-04-02,2017-07-03,2,154.288,-82.0074,14,77.144,True
MP-17470,Mark Packer,Home Office,East,2014-03-30,2016-01-11,7,3206.132,600.2873,77,458.01885714285714,True
MP-17965,Michael Paige,Corporate,East,2015-04-18,2017-10-19,9,3983.6420000000003,638.1563,62,442.6268888888889,True
MP-18175,Mike Pelletier,Home Office,West,2014-03-28,2017-12-14,9,5087.92,226.4529,78,565.3244444444445,True
MR-17545,Mathew Reese,Home Office,East,2014-09-03,2017-08-27,4,639.178,162.9363,29,159.7945,True
MS-17365,Maribeth Schnelling,Consumer,Central,2014-09-09,2017-04-01,10,7443.6900000000005,844.9354999999998,105,744.369,True
MS-17530,MaryBeth Skach,Consumer,West,2014-11-04,2016-10-22,4,475.65599999999995,84.0268,21,118.91399999999999,True
MS-17710,Maurice Satty,Consumer,West,2014-03-24,2016-11-12,6,1613.402,247.4348,48,268.9003333333333,True
MS-17770,Maxwell Schwartz,Consumer,East,2014-07-04,2017-08-31,9,3144.678,280.85839999999996,73,349.40866666666665,True
MS-17830,Melanie Seite,Consumer,Central,2014-01-09,2016-10-04,4,370.348,19.431199999999997,14,92.587,True
MS-17980,Michael Stewart,Corporate,Central,2014-06-30,2017-12-04,6,855.116,55.226,49,142.51933333333332,True
MT-17815,Meg Tillman,Consumer,West,2015-11-06,2017-11-11,6,2890.139,509.0068,31,481.68983333333335,True
MT-18070,Michelle Tran,Home Office,West,2014-09-25,2017-06-10,4,1319.4498,-23.676300000000005,44,329.86245,True
MV-17485,Mark Van Huff,Consumer,South,2014-01-20,2017-12-03,9,1560.05,189.0258,52,173.33888888888887,True
MV-18190,Mike Vittorini,Consumer,East,2014-01-30,2017-12-11,7,1734.574,273.8582,37,247.79628571428572,True
MW-18220,Mitch Webber,Consumer,East,2014-08-25,2017-12-13,7,5341.900000000001,1238.422,51,763.1285714285715,True
MW-18235,Mitch Willingham,Corporate,South,2014-05-21,2017-11-16,2,5253.876,1665.516,13,2626.938,True
MY-17380,Maribeth Yedwab,Corporate,West,2015-10-26,2017-12-01,7,2254.285,319.1211,49,322.0407142857143,True
MY-18295,Muhammed Yedwab,Corporate,Central,2014-04-28,2017-10-20,11,4152.696,-371.7111,89,377.5178181818182,True
MZ-17335,Maria Zettner,Home Office,West,2015-11-08,2017-11-30,4,593.606,85.01910000000001,11,148.4015,True
MZ-17515,Mary Zewe,Corporate,West,2014-04-04,2017-03-23,6,2564.906,787.7503,39,427.4843333333333,True
NB-18580,Nicole Brennan,Corporate,East,2014-09-26,2014-10-22,2,273.87199999999996,24.788800000000002,7,136.93599999999998,True
NB-18655,Nona Balk,Corporate,Central,2014-12-05,2017-12-11,9,1972.599,117.6429,64,219.17766666666665,True
NC-18340,Nat Carroll,Consumer,Central,2014-03-30,2017-05-20,5,2461.404,580.3075,54,492.2808,True
NC-18415,Nathan Cano,Consumer,South,2014-05-03,2017-11-19,6,2218.9900000000002,-2204.8072,38,369.8316666666667,True
NC-18535,Nick Crebassa,Corporate,Central,2014-07-23,2017-12-24,7,8241.739,1314.758,64,1177.3912857142857,True
NC-18625,Noah Childs,Corporate,West,2014-10-29,2017-06-09,5,1821.742,-359.02099999999996,29,364.34839999999997,True
ND-18370,Natalie DeCherney,Consumer,South,2014-01-13,2017-12-03,9,4326.139,353.64549999999997,63,480.6821111111111,True
ND-18460,Neil Ducich,Corporate,South,2014-02-06,2017-06-30,6,2893.455,443.33680000000004,36,482.2425,True
NF-18385,Natalie Fritzler,Consumer,South,2014-02-11,2017-10-12,7,8322.826,-1695.9714,52,1188.9751428571428,True
NF-18475,Neil Französisch,Home Office,Central,2014-03-14,2016-07-23,4,377.16200000000003,85.92779999999999,13,94.29050000000001,True
NF-18595,Nicole Fjeld,Home Office,East,2014-04-19,2017-09-07,7,2031.472,388.2131,55,290.2102857142857,True
NG-18355,Nat Gilpin,Corporate,East,2014-11-24,2017-11-12,5,1869.58,313.63349999999997,45,373.916,True
NG-18430,Nathan Gelder,Consumer,East,2014-11-24,2017-11-12,5,1395.9379999999999,217.0893,41,279.1876,True
NH-18610,Nicole Hansen,Corporate,Central,2014-03-02,2017-06-24,7,2673.29,760.1666,52,381.8985714285714,True
NK-18490,Neil Knudson,Home Office,West,2015-05-28,2017-10-21,7,572.048,121.2177,51,81.72114285714285,True
NL-18310,Nancy Lomonaco,Home Office,West,2014-10-31,2017-11-02,4,1418.0900000000001,343.6381,44,354.52250000000004,True
NM-18445,Nathan Mautz,Home Office,East,2014-02-08,2017-07-23,7,6459.344,2751.6848999999997,44,922.7634285714286,True
NM-18520,Neoma Murray,Consumer,West,2015-09-08,2017-04-30,10,2161.979,788.9525000000001,60,216.19789999999998,True
NP-18325,Naresj Patel,Consumer,South,2014-05-13,2017-12-05,6,5529.62,1208.8890000000001,77,921.6033333333334,True
NP-18670,Nora Paige,Consumer,Central,2015-02-27,2017-11-02,5,3908.402,514.6002,46,781.6804,True
NP-18685,Nora Pelletier,Home Office,East,2014-03-07,2016-11-19,6,1228.698,514.5017,23,204.78300000000002,True
NP-18700,Nora Preis,Consumer,West,2014-09-05,2017-08-14,7,7903.1825,631.2282,63,1129.0260714285714,True
NR-18550,Nick Radford,Consumer,Central,2014-06-07,2017-06-03,5,2367.277,-25.148799999999966,37,473.4554,True
NS-18505,Neola Schneider,Consumer,Central,2016-11-24,2017-12-24,4,2575.863,-12.303999999999997,52,643.96575,True
NS-18640,Noel Staavos,Corporate,Central,2014-06-25,2017-07-09,13,2964.823,-234.7714,113,228.0633076923077,True
NW-18400,Natalie Webber,Consumer,West,2014-06-21,2017-07-11,7,7234.014,1023.123,78,1033.4305714285715,True
NZ-18565,Nick Zandusky,Home Office,East,2014-08-02,2017-10-06,9,2488.31,402.4236,77,276.4788888888889,True
ON-18715,Odella Nelson,Corporate,Central,2014-09-13,2016-11-15,9,1567.52,-5.88900000000001,58,174.1688888888889,True
OT-18730,Olvera Toch,Consumer,West,2015-04-20,2017-10-26,5,3818.624,-925.1203,51,763.7248,True
PA-19060,Pete Armstrong,Home Office,Central,2014-05-17,2017-09-18,6,729.408,225.8588,27,121.568,True
PB-18805,Patrick Bzostek,Home Office,West,2015-11-20,2017-12-05,3,740.356,229.2257,54,246.78533333333334,True
PB-19105,Peter Bühler,Consumer,Central,2014-11-15,2017-11-03,4,688.324,218.15970000000002,18,172.081,True
PB-19150,Philip Brown,Consumer,West,2014-07-14,2017-09-24,8,1456.95,280.6606,54,182.11875,True
PB-19210,Phillip Breyer,Corporate,Central,2014-11-23,2016-02-11,2,132.738,21.897000000000002,10,66.369,True
PC-18745,Pamela Coakley,Corporate,West,2014-12-31,2017-12-28,4,1832.064,272.685,22,458.016,True
PC-19000,Pauline Chand,Home Office,West,2014-04-08,2015-08-01,2,1061.488,-184.3364,18,530.744,True
PF-19120,Peter Fuller,Consumer,West,2014-05-05,2015-09-17,4,9062.864,-614.2943000000001,75,2265.716,True
PF-19165,Philip Fox,Consumer,Central,2014-09-20,2017-06-17,6,2770.0,196.87389999999996,34,461.6666666666667,True
PF-19225,Phillip Flathmann,Consumer,West,2016-06-26,2017-09-07,5,2206.1279999999997,591.3118000000001,32,441.22559999999993,True
PG-18820,Patrick Gardner,Consumer,West,2014-05-09,2017-11-24,13,3086.907,137.46130000000002,83,237.45438461538464,True
PG-18895,Paul Gonzalez,Consumer,Central,2014-05-11,2017-11-03,9,1987.164,334.5163,61,220.796,True
PH-18790,Patricia Hirasaki,Home Office,South,2017-10-21,2017-10-21,1,729.648,47.8878,6,729.648,False
PJ-18835,Patrick Jones,Corporate,South,2014-05-28,2017-11-21,8,1220.09,442.1355,46,152.51125,True
PJ-19015,Pauline Johnson,Consumer,West,2014-04-07,2017-08-18,7,1824.2340000000002,682.9979000000001,25,260.60485714285716,True
PK-18910,Paul Knutson,Home Office,East,2014-04-04,2016-09-03,2,1441.152,-798.705,14,720.576,True
PK-19075,Pete Kriz,Consumer,Central,2014-11-11,2017-12-21,12,8646.934,2038.2676000000001,107,720.5778333333333,True
PL-18925,Paul Lucas,Home Office,Central,2014-11-01,2017-12-15,5,239.481,-0.7527000000000026,29,47.8962,True
PM-18940,Paul MacIntyre,Consumer,Central,2014-05-04,2016-12-09,3,1405.402,157.8768,16,468.46733333333333,True
PM-19135,Peter McVee,Home Office,Central,2015-12-19,2017-11-09,4,4115.662,526.7537,36,1028.9155,True
PN-18775,Parhena Norris,Home Office,East,2015-08-07,2017-11-30,8,1467.152,192.0396,47,183.394,True
PO-18850,Patrick O'Brill,Consumer,East,2014-11-02,2017-12-26,11,7473.8282,38.47569999999996,91,679.4389272727273,True
PO-18865,Patrick O'Donnell,Consumer,Central,2014-03-23,2017-12-30,7,2493.214,437.8533,54,356.1734285714286,True
PO-19180,Philisse Overcash,Home Office,Central,2015-08-11,2017-07-23,9,4893.043,1155.4331,65,543.6714444444444,True
PO-19195,Phillina Ober,Home Office,Central,2014-01-04,2017-10-05,5,1056.858,-49.70089999999999,32,211.3716,True
PP-18955,Paul Prost,Home Office,South,2014-08-26,2017-09-24,10,7252.608,1495.0854,138,725.2608,True
PR-18880,Patrick Ryan,Consumer,West,2014-09-05,2017-11-24,5,1840.178,247.6226,43,368.03560000000004,True
PS-18760,Pamela Stobb,Consumer,West,2014-06-15,2017-09-14,6,2181.479,-134.441,75,363.5798333333333,True
PS-18970,Paul Stevenson,Home Office,Central,2014-04-15,2017-10-22,8,1278.639,198.5099,52,159.829875,True
PS-19045,Penelope Sewall,Home Office,South,2014-12-20,2017-05-08,7,6843.634,1742.7296999999999,47,977.662,True
PT-19090,Pete Takahito,Consumer,Central,2014-09-12,2017-10-20,4,160.572,-20.0508,19,40.143,True
PV-18985,Paul Van Hugh,Home Office,West,2014-07-12,2017-10-02,5,2876.046,434.52840000000003,52,575.2092,True
PW-19030,Pauline Webber,Corporate,South,2014-05-16,2017-11-14,10,3454.916,803.8169,48,345.4916,True
PW-19240,Pierre Wener,Consumer,West,2014-11-18,2016-09-22,7,3922.4150000000004,1290.354,39,560.345,True
QJ-19255,Quincy Jones,Corporate,Central,2014-03-17,2017-12-05,9,6108.338,1203.6768,61,678.7042222222221,True
RA-19285,Ralph Arnett,Consumer,East,2014-12-13,2017-12-25,9,2617.906,546.0882,58,290.8784444444444,True
RA-19885,Ruben Ausman,Corporate,West,2014-04-08,2017-11-17,7,3832.314,1292.8656,53,547.4734285714286,True
RA-19915,Russell Applegate,Consumer,Central,2014-06-30,2017-12-18,9,4793.543,304.8673,75,532.6158888888889,True
RA-19945,Ryan Akin,Consumer,West,2014-08-29,2017-10-30,5,1686.9225,-445.695,27,337.3845,True
RB-19330,Randy Bradley,Consumer,East,2014-11-17,2017-10-23,2,1008.1959999999999,-164.40619999999998,16,504.09799999999996,True
RB-19360,Raymond Buch,Consumer,East,2016-04-01,2017-09-25,6,15117.339,6976.0959,71,2519.5565,True
RB-19435,Richard Bierner,Consumer,Central,2014-03-11,2017-12-11,8,2663.0860000000002,477.23990000000003,66,332.88575000000003,True
RB-19465,Rick Bensley,Home Office,Central,2014-03-14,2017-12-21,12,4715.466,640.5466,85,392.95550000000003,True
RB-19570,Rob Beeghly,Consumer,Central,2016-04-28,2017-12-05,5,528.546,76.8879,35,105.70920000000001,True
RB-19645,Robert Barroso,Corporate,West,2014-08-23,2016-03-22,5,221.084,72.679,29,44.2168,True
RB-19705,Roger Barcio,Home Office,West,2015-08-22,2017-11-06,4,2067.45,243.07549999999998,22,516.8625,True
RB-19795,Ross Baird,Home Office,South,2014-06-03,2017-11-28,8,5633.316000000001,-461.73319999999995,92,704.1645000000001,True
RC-19825,Roy Collins,Consumer,Central,2014-12-05,2016-12-26,6,966.409,63.991400000000006,29,161.06816666666666,True
RC-19960,Ryan Crowe,Consumer,East,2014-08-25,2017-09-11,6,885.752,10.563300000000002,44,147.62533333333332,True
RD-19480,Rick Duston,Consumer,West,2014-06-08,2017-10-19,8,4272.93,480.594,60,534.11625,True
RD-19585,Rob Dowd,Consumer,South,2014-04-02,2017-07-03,10,2912.8940000000002,734.5158,73,291.2894,True
RD-19660,Robert Dilbeck,Home Office,Central,2015-04-12,2017-09-07,5,2786.632,835.772,23,557.3264,True
RD-19720,Roger Demir,Consumer,South,2014-07-20,2017-12-09,10,1419.737,207.3304,78,141.9737,True
RD-19810,Ross DeVincentis,Home Office,West,2014-10-27,2017-12-16,8,1137.616,318.4625,63,142.202,True
RD-19900,Ruben Dartt,Consumer,West,2014-04-05,2017-09-07,9,3133.924,455.5292,85,348.21377777777775,True
RD-19930,Russell D'Ascenzo,Consumer,Central,2014-10-03,2017-11-18,4,970.9420000000001,35.05740000000001,33,242.73550000000003,True
RE-19405,Ricardo Emerson,Consumer,East,2014-12-29,2014-12-29,1,48.36,6.045,5,48.36,False
RE-19450,Richard Eichhorn,Consumer,Central,2014-06-03,2017-03-03,5,876.696,209.2294,47,175.3392,True
RF-19345,Randy Ferguson,Corporate,East,2014-05-20,2016-12-05,8,3309.15,633.7072000000001,67,413.64375,True
RF-19735,Roland Fjeld,Consumer,Central,2014-08-06,2017-10-02,7,2341.2960000000003,711.6168,53,334.4708571428572,True
RF-19840,Roy Französisch,Consumer,East,2014-11-12,2017-12-24,8,945.222,280.0261,45,118.15275,True
RH-19495,Rick Hansen,Consumer,Central,2014-08-23,2017-11-28,5,3621.3759999999997,563.7877,38,724.2751999999999,True
RH-19510,Rick Huthwaite,Home Office,East,2014-11-16,2016-09-19,6,6979.18,1289.4535,43,1163.1966666666667,True
RH-19555,Ritsa Hightower,Consumer,South,2015-12-04,2016-07-29,2,740.382,0.30570000000000164,11,370.191,True
RH-19600,Rob Haberlin,Consumer,South,2015-07-02,2016-07-14,3,2085.7400000000002,172.6261,43,695.2466666666668,True
RK-19300,Ralph Kennedy,Consumer,East,2015-07-20,2017-09-02,3,1460.192,269.688,29,486.73066666666665,True
RL-19615,Rob Lucas,Consumer,South,2014-12-05,2017-08-31,8,6234.91,488.14840000000004,101,779.36375,True
RM-19375,Raymond Messe,Consumer,Central,2014-05-11,2017-01-19,6,1453.474,392.1499,29,242.24566666666666,True
RM-19675,Robert Marley,Home Office,South,2014-11-14,2017-12-24,5,5979.0960000000005,1902.5438000000001,39,1195.8192000000001,True
RM-19750,Roland Murray,Consumer,East,2017-03-06,2017-03-06,1,98.35,28.6879,4,98.35,False
RO-19780,Rose O'Brian,Consumer,South,2015-05-12,2017-11-25,7,3815.478,-1262.5716000000002,48,545.0682857142857,True
RP-19270,Rachel Payne,Corporate,West,2014-10-19,2016-08-21,4,954.6452,59.538399999999996,47,238.6613,True
RP-19390,Resi Pölking,Consumer,East,2014-05-24,2017-11-27,12,5153.084,465.25030000000015,88,429.42366666666663,True
RP-19855,Roy Phan,Corporate,Central,2014-04-05,2017-12-02,8,2170.716,594.5868,61,271.3395,True
RR-19315,Ralph Ritter,Consumer,West,2016-11-14,2017-12-11,2,615.932,-73.835,7,307.966,True
RR-19525,Rick Reed,Corporate,East,2014-09-09,2017-07-13,6,3302.2619999999997,721.6826,36,550.377,True
RS-19420,Ricardo Sperren,Corporate,West,2014-08-05,2017-10-15,5,3221.29,633.4513999999999,29,644.258,True
RS-19765,Roland Schwarz,Corporate,East,2014-04-07,2017-11-24,8,4159.7699999999995,1206.3851,54,519.9712499999999,True
RS-19870,Roy Skaria,Home Office,Central,2016-06-07,2017-12-11,2,22.328,9.5838,10,11.164,True
RW-19540,Rick Wilson,Corporate,West,2015-02-03,2017-09-01,7,7397.401,1586.6273,89,1056.7715714285714,True
RW-19630,Rob Williams,Corporate,Central,2014-06-28,2017-10-02,9,3279.746,698.8325,53,364.41622222222225,True
RW-19690,Robert Waldorf,Consumer,South,2016-05-30,2017-10-12,5,3495.646,707.5503,61,699.1292000000001,True
SA-20830,Sue Ann Reed,Consumer,Central,2014-02-22,2017-10-28,10,4767.3415,610.1496000000001,75,476.73415000000006,True
SB-20170,Sarah Bern,Consumer,East,2014-06-06,2017-06-12,3,1348.02,157.6658,24,449.34,True
SB-20185,Sarah Brown,Consumer,East,2014-09-20,2017-06-25,6,6410.996,885.4623999999999,45,1068.4993333333334,True
SB-20290,Sean Braxton,Corporate,Central,2014-05-09,2017-11-13,7,8057.891,-2082.7451,84,1151.1272857142856,True
SC-20020,Sam Craven,Consumer,Central,2014-03-03,2015-11-10,5,3362.9636,-317.0508,62,672.59272,True
SC-20050,Sample Company A,Home Office,East,2014-03-18,2017-11-20,9,4624.572,1011.7443,61,513.8413333333333,True
SC-20095,Sanjit Chand,Consumer,West,2014-02-12,2017-01-15,9,14142.333999999999,5757.411899999999,87,1571.3704444444443,True
SC-20230,Scot Coram,Corporate,Central,2016-06-06,2017-08-03,4,4371.9580000000005,440.14099999999996,49,1092.9895000000001,True
SC-20260,Scott Cohen,Corporate,West,2014-04-06,2017-06-26,8,3729.7929999999997,671.0033999999999,63,466.22412499999996,True
SC-20305,Sean Christensen,Consumer,Central,2014-12-16,2017-12-01,7,3979.065,229.1617,64,568.4378571428572,True
SC-20380,Shahid Collister,Consumer,West,2014-03-01,2017-11-30,9,5992.536,236.66149999999996,80,665.8373333333334,True
SC-20440,Shaun Chance,Corporate,West,2015-08-17,2017-11-24,7,1874.998,379.5611,44,267.85685714285717,True
SC-20575,Sonia Cooley,Consumer,Central,2014-06-16,2017-09-29,5,902.7280000000001,100.2253,30,180.5456,True
SC-20680,Steve Carroll,Home Office,South,2014-11-21,2017-08-26,6,1254.64,370.1578,26,209.10666666666668,True
SC-20695,Steve Chapman,Corporate,South,2014-12-16,2017-10-02,10,2576.408,611.8291,66,257.6408,True
SC-20725,Steven Cartwright,Consumer,East,2014-06-03,2017-06-26,11,5226.21,1276.6513,133,475.11,True
SC-20770,Stewart Carmichael,Corporate,South,2015-06-20,2017-11-19,7,4492.657,-671.1874,75,641.8081428571429,True
SC-20800,Stuart Calhoun,Consumer,Central,2015-12-11,2017-11-30,4,279.25600000000003,51.8252,11,69.81400000000001,True
SC-20845,Sung Chung,Consumer,Central,2016-11-11,2017-08-21,2,280.632,31.1757,13,140.316,True
SD-20485,Shirley Daniels,Home Office,East,2014-01-26,2017-06-13,9,6121.114,1985.1671999999999,82,680.1237777777777,True
SE-20110,Sanjit Engle,Consumer,East,2014-04-11,2017-12-21,11,12209.438000000002,2650.6769,78,1109.9489090909092,True
SF-20065,Sandra Flanagan,Consumer,East,2014-09-10,2017-11-01,7,763.5459999999999,228.1623,35,109.07799999999999,True
SF-20200,Sarah Foster,Consumer,West,2014-12-23,2017-11-01,9,3422.7859999999996,286.9046,74,380.3095555555555,True
SF-20965,Sylvia Foulston,Corporate,Central,2014-10-21,2017-11-12,9,3336.535,539.9352,66,370.7261111111111,True
SG-20080,Sandra Glassco,Consumer,Central,2015-10-31,2017-12-22,3,3406.5809999999997,570.438,30,1135.5269999999998,True
SG-20470,Sheri Gordon,Consumer,East,2014-07-26,2017-06-30,8,1884.798,-119.0105,62,235.59975,True
SG-20605,Speros Goranitis,Consumer,East,2014-01-23,2017-09-13,6,3124.832,463.269,49,520.8053333333334,True
SG-20890,Susan Gilcrest,Corporate,Central,2014-03-30,2017-05-18,3,47.946,-3.7073,17,15.982,True
SH-19975,Sally Hughsby,Corporate,West,2014-12-10,2017-12-01,13,3406.8395,558.4739999999999,113,262.0645769230769,True
SH-20395,Shahid Hopkins,Consumer,South,2014-11-02,2017-12-07,10,2180.718,-144.5229,45,218.0718,True
SH-20635,Stefanie Holloman,Corporate,South,2014-12-16,2015-11-26,2,2096.392,260.6258,16,1048.196,True
SJ-20125,Sanjit Jacobs,Home Office,East,2015-09-22,2017-09-26,12,3949.656,144.1189,104,329.138,True
SJ-20215,Sarah Jordon,Consumer,Central,2015-02-09,2017-12-01,6,1341.036,-23.5137,35,223.506,True
SJ-20500,Shirley Jackson,Consumer,Central,2014-08-31,2017-04-21,5,1318.776,68.09629999999999,30,263.7552,True
SK-19990,Sally Knutson,Consumer,East,2016-11-28,2017-12-22,3,883.409,168.7933,19,294.4696666666667,True
SL-20155,Sara Luxemburg,Home Office,South,2014-09-21,2017-10-21,7,3053.012,527.9715,30,436.14457142857145,True
SM-20005,Sally Matthias,Consumer,East,2014-11-23,2016-11-04,4,244.49399999999997,-26.5927,26,61.12349999999999,True
SM-20320,Sean Miller,Home Office,South,2014-03-18,2017-10-12,5,25043.05,-1980.7393,50,5008.61,True
SM-20905,Susan MacKendrick,Consumer,East,2016-05-03,2016-05-03,1,1043.041,-237.2885,20,1043.041,False
SM-20950,Suzanne McNair,Corporate,South,2014-09-29,2017-12-05,12,5563.392,581.5741999999999,94,463.616,True
SN-20560,Skye Norling,Home Office,West,2015-06-18,2017-09-10,6,1860.418,-716.8565000000001,67,310.06966666666665,True
SN-20710,Steve Nguyen,Home Office,Central,2014-05-06,2017-10-12,7,3127.9592,481.74989999999997,89,446.85131428571424,True
SO-20335,Sean O'Donnell,Consumer,South,2015-10-11,2017-12-01,6,2602.5755,-81.0858,52,433.76258333333334,True
SP-20545,Sibella Parks,Corporate,East,2014-10-13,2017-02-06,6,1306.086,-118.77570000000001,43,217.681,True
SP-20620,Stefania Perrino,Corporate,East,2014-09-08,2017-11-13,9,5440.319,-270.42819999999995,77,604.4798888888889,True
SP-20650,Stephanie Phelps,Corporate,West,2014-04-16,2016-12-09,9,1872.4360000000001,268.4782,71,208.04844444444447,True
SP-20860,Sung Pak,Corporate,East,2014-12-15,2017-10-12,10,4282.94,566.7226,80,428.294,True
SP-20920,Susan Pistek,Consumer,West,2014-11-22,2017-10-21,6,3990.689,14.692400000000003,57,665.1148333333333,True
SR-20425,Sharelle Roach,Home Office,West,2014-06-14,2017-12-22,5,3233.481,-3333.9144,34,646.6962000000001,True
SR-20740,Steven Roelle,Home Office,East,2014-02-20,2017-06-17,8,4345.8859999999995,1990.4243999999999,50,543.2357499999999,True
SS-20140,Saphhira Shifley,Corporate,East,2014-11-23,2017-12-15,8,1324.028,332.3487,86,165.5035,True
SS-20410,Shahid Shariari,Consumer,West,2014-05-30,2017-09-11,6,3056.8070000000002,-1010.9738,46,509.4678333333334,True
SS-20515,Shirley Schmidt,Home Office,South,2014-07-14,2016-08-26,3,613.4,199.93449999999999,36,204.46666666666667,True
SS-20590,Sonia Sunley,Consumer,West,2014-08-05,2016-10-24,6,418.49,135.5401,17,69.74833333333333,True
SS-20875,Sung Shariari,Consumer,Central,2014-12-14,2017-09-01,5,964.636,-75.586,39,192.9272,True
ST-20530,Shui Tom,Consumer,East,2014-02-14,2017-08-27,7,433.34000000000003,84.4419,33,61.90571428571429,True
SU-20665,Stephanie Ulpright,Home Office,South,2015-12-05,2017-12-10,7,2595.364,763.4719,61,370.76628571428574,True
SV-20365,Seth Vernon,Consumer,East,2014-01-11,2017-09-20,10,11470.949999999999,1199.4242,109,1147.0949999999998,True
SV-20785,Stewart Visinsky,Consumer,West,2014-04-12,2017-02-13,9,4105.305,485.0272,91,456.14500000000004,True
SV-20815,Stuart Van,Corporate,Central,2015-05-04,2017-10-15,4,1271.0900000000001,199.6502,24,317.77250000000004,True
SV-20935,Susan Vittorini,Consumer,East,2016-03-19,2017-12-28,8,1903.491,106.8912,66,237.936375,True
SW-20245,Scot Wooten,Consumer,West,2014-07-20,2017-10-10,7,1085.078,-19.60620000000001,33,155.01114285714286,True
SW-20275,Scott Williamson,Consumer,South,2014-03-10,2017-11-30,6,1966.65,332.8725,28,327.77500000000003,True
SW-20350,Sean Wendt,Home Office,Central,2016-04-09,2017-07-21,3,1019.044,95.8383,25,339.6813333333333,True
SW-20455,Shaun Weien,Consumer,South,2015-06-22,2017-07-21,7,2921.544,793.6548,18,417.3634285714285,True
SW-20755,Steven Ward,Corporate,East,2014-11-02,2016-07-14,2,758.6959999999999,68.2416,27,379.34799999999996,True
SZ-20035,Sam Zeldin,Home Office,West,2014-09-07,2017-11-25,11,3625.329,366.43030000000005,69,329.57536363636365,True
TA-21385,Tom Ashbrook,Home Office,East,2014-09-12,2017-10-22,4,14595.62,4703.7883,36,3648.905,True
TB-21055,Ted Butterfield,Consumer,East,2016-06-17,2017-09-02,5,1467.881,390.2113,66,293.57620000000003,True
TB-21175,Thomas Boland,Corporate,Central,2014-12-08,2017-11-02,4,3589.296,829.1635,36,897.324,True
TB-21190,Thomas Brumley,Home Office,South,2014-12-27,2017-11-11,4,816.1740000000001,179.0038,23,204.04350000000002,True
TB-21250,Tim Brockman,Consumer,East,2014-12-08,2017-01-15,7,1602.376,260.6155,74,228.91085714285714,True
TB-21280,Toby Braunhardt,Consumer,East,2014-06-21,2016-05-26,6,2198.45,490.9567,35,366.4083333333333,True
TB-21355,Todd Boyes,Corporate,East,2016-01-25,2017-08-06,5,834.328,268.967,44,166.8656,True
TB-21400,Tom Boeckenhauer,Consumer,West,2014-01-21,2017-06-11,7,9133.99,2798.3689,55,1304.8557142857142,True
TB-21520,Tracy Blumstein,Consumer,East,2014-10-17,2017-09-14,9,4737.486,-1603.0451,85,526.3873333333333,True
TB-21595,Troy Blackwell,Consumer,Central,2014-02-18,2017-03-20,5,1387.559,-136.4091,29,277.5118,True
TB-21625,Trudy Brown,Consumer,Central,2014-08-06,2017-11-30,9,2797.668,379.882,60,310.85200000000003,True
TC-20980,Tamara Chand,Corporate,West,2014-11-07,2016-11-26,5,19052.218,8981.323900000001,42,3810.4436,True
TC-21145,Theresa Coyne,Corporate,East,2017-09-15,2017-09-15,1,1038.26,265.5332,17,1038.26,False
TC-21295,Toby Carlisle,Consumer,West,2014-10-14,2017-12-03,8,4266.812,606.3727,63,533.3515,True
TC-21475,Tony Chapman,Home Office,South,2014-11-22,2017-07-30,9,1244.976,119.104,45,138.33066666666667,True
TC-21535,Tracy Collins,Home Office,South,2014-11-03,2017-12-26,7,742.5580000000001,217.933,28,106.0797142857143,True
TD-20995,Tamara Dahlen,Consumer,East,2014-05-19,2017-11-23,9,1434.5480000000002,88.1897,67,159.39422222222225,True
TG-21310,Toby Gnade,Consumer,West,2015-03-09,2017-01-27,5,3058.372,682.1704,30,611.6744,True
TG-21640,Trudy Glocke,Consumer,West,2014-03-31,2017-09-07,4,2074.661,365.7205,50,518.66525,True
TH-21100,Thea Hendricks,Consumer,West,2014-09-27,2017-01-20,5,2422.824,-135.2125,29,484.5648,True
TH-21115,Thea Hudgings,Corporate,East,2014-09-23,2017-11-02,4,2942.772,-252.5539,29,735.693,True
TH-21235,Tiffany House,Corporate,Central,2014-11-04,2017-09-04,8,1022.201,92.729,40,127.775125,True
TH-21550,Tracy Hopkins,Home Office,East,2014-04-05,2017-10-19,7,4234.0960000000005,-571.9678,44,604.8708571428572,True
TM-21010,Tamara Manning,Consumer,West,2014-02-21,2017-09-18,8,2955.2259999999997,573.3013,67,369.40324999999996,True
TM-21490,Tony Molinari,Consumer,Central,2017-03-30,2017-08-22,3,1094.6779999999999,292.52099999999996,12,364.8926666666666,True
TN-21040,Tanja Norvell,Home Office,West,2014-10-10,2017-10-01,7,3130.221,-692.0452,48,447.17442857142856,True
TP-21130,Theone Pippenger,Consumer,East,2015-04-14,2017-12-22,9,4454.0560000000005,1129.1261,55,494.8951111111112,True
TP-21415,Tom Prescott,Consumer,West,2015-11-28,2017-09-17,5,5329.0048,-1087.3898,39,1065.80096,True
TP-21565,Tracy Poddar,Corporate,West,2015-03-01,2017-01-14,4,1936.6399999999999,139.22869999999995,48,484.15999999999997,True
TR-21325,Toby Ritter,Consumer,East,2014-12-01,2017-06-20,5,675.9419999999999,220.36440000000002,22,135.18839999999997,True
TS-21085,Thais Sissman,Consumer,West,2015-07-19,2017-01-07,2,4.833,-3.3156,4,2.4165,True
TS-21160,Theresa Swint,Corporate,East,2014-04-23,2016-08-13,6,2163.6240000000003,260.87440000000004,60,360.60400000000004,True
TS-21205,Thomas Seio,Corporate,East,2014-03-21,2017-06-15,7,5371.09,862.8877,67,767.2985714285714,True
TS-21340,Toby Swindell,Consumer,Central,2014-01-19,2017-05-18,5,974.7819999999999,-184.97889999999998,51,194.95639999999997,True
TS-21370,Todd Sumrall,Corporate,East,2014-10-28,2017-11-24,6,11891.751,2371.7144000000003,59,1981.9585,True
TS-21430,Tom Stivers,Corporate,West,2014-07-30,2017-07-11,5,2054.14,48.70169999999999,31,410.828,True
TS-21505,Tony Sayre,Consumer,South,2014-12-20,2017-12-19,6,2243.274,11.377899999999983,54,373.87899999999996,True
TS-21610,Troy Staebel,Consumer,West,2014-08-16,2017-11-05,7,2820.424,-294.6981,44,402.9177142857143,True
TS-21655,Trudy Schmidt,Consumer,Central,2015-02-06,2017-05-06,5,3368.094,220.91629999999998,52,673.6188,True
TT-21070,Ted Trevino,Consumer,West,2014-05-18,2017-11-29,7,4915.602,751.9567,66,702.2288571428571,True
TT-21220,Thomas Thornton,Consumer,Central,2014-09-23,2017-06-30,8,1427.0439999999999,278.7371,55,178.38049999999998,True
TT-21265,Tim Taslimi,Corporate,West,2015-08-15,2016-11-19,3,439.5,93.9162,8,146.5,True
TT-21460,Tonja Turnell,Home Office,Central,2015-12-08,2017-12-18,7,5364.808,1124.4999,48,766.4011428571429,True
TW-21025,Tamara Willingham,Home Office,West,2014-12-22,2017-10-27,7,5278.826,737.3905,57,754.118,True
TZ-21580,Tracy Zic,Consumer,West,2014-11-11,2017-11-25,4,1707.286,224.8887,30,426.8215,True
VB-21745,Victoria Brennan,Corporate,South,2015-07-17,2017-11-06,6,2005.596,371.2398,37,334.266,True
VD-21670,Valerie Dominguez,Consumer,South,2014-08-04,2016-05-28,6,6442.254,1617.7874000000002,71,1073.709,True
VF-21715,Vicky Freymann,Home Office,Central,2014-03-01,2017-12-17,5,847.944,-96.27799999999999,35,169.5888,True
VG-21790,Vivek Gonzalez,Consumer,West,2014-08-08,2017-07-29,6,846.01,143.6268,32,141.00166666666667,True
VG-21805,Vivek Grady,Corporate,South,2014-09-22,2017-03-19,5,427.372,-52.333,16,85.4744,True
VM-21685,Valerie Mitchum,Home Office,East,2014-04-07,2017-11-06,7,2454.866,513.5269,37,350.69514285714286,True
VM-21835,Vivian Mathis,Consumer,East,2014-03-22,2017-09-04,5,380.69,116.6373,25,76.138,True
VP-21730,Victor Preis,Home Office,West,2015-07-05,2017-11-30,3,993.9019999999999,205.3888,18,331.30066666666664,True
VP-21760,Victoria Pisteka,Corporate,West,2014-09-06,2017-10-16,7,3360.526,-1018.7768,65,480.07514285714285,True
VS-21820,Vivek Sundaresam,Consumer,West,2014-01-07,2017-05-23,4,1055.981,-262.8093,38,263.99525,True
VT-21700,Valerie Takahito,Home Office,East,2014-06-06,2015-04-05,2,1736.596,-224.08889999999997,42,868.298,True
VW-21775,Victoria Wilson,Corporate,East,2014-05-11,2017-12-02,10,6134.0380000000005,-874.6645,77,613.4038,True
WB-21850,William Brown,Consumer,East,2014-11-04,2017-12-10,11,6160.102,714.3311,146,560.0092727272727,True
XP-21865,Xylona Preis,Consumer,West,2014-01-20,2017-11-17,11,2374.658,621.23,100,215.878,True
YC-21895,Yoseph Carroll,Corporate,West,2014-11-17,2017-12-26,5,5454.35,1305.629,31,1090.8700000000001,True
YS-21880,Yana Sorensen,Corporate,South,2015-01-12,2017-12-21,8,6720.4439999999995,1778.2923,58,840.0554999999999,True
ZC-21910,Zuschuss Carroll,Consumer,West,2014-10-13,2017-11-06,13,8025.707,-1032.1490000000001,105,617.362076923077,True
ZD-21925,Zuschuss Donatelli,Consumer,West,2014-08-27,2017-06-11,5,1493.944,249.1307,32,298.7888,True
